-- phpMyAdmin SQL Dump
-- version 5.2.1
-- https://www.phpmyadmin.net/
--
-- Host: 127.0.0.1
-- Generation Time: Oct 30, 2024 at 07:36 AM
-- Server version: 10.4.32-MariaDB
-- PHP Version: 8.2.12

SET SQL_MODE = "NO_AUTO_VALUE_ON_ZERO";
START TRANSACTION;
SET time_zone = "+00:00";


/*!40101 SET @OLD_CHARACTER_SET_CLIENT=@@CHARACTER_SET_CLIENT */;
/*!40101 SET @OLD_CHARACTER_SET_RESULTS=@@CHARACTER_SET_RESULTS */;
/*!40101 SET @OLD_COLLATION_CONNECTION=@@COLLATION_CONNECTION */;
/*!40101 SET NAMES utf8mb4 */;

--
-- Database: `bakwit_finder`
--

-- --------------------------------------------------------

--
-- Table structure for table `amenities`
--

CREATE TABLE `amenities` (
  `id` bigint(20) UNSIGNED NOT NULL,
  `name` varchar(255) NOT NULL,
  `description` longtext DEFAULT NULL,
  `created_at` timestamp NULL DEFAULT NULL,
  `updated_at` timestamp NULL DEFAULT NULL
) ENGINE=InnoDB DEFAULT CHARSET=utf8mb4 COLLATE=utf8mb4_unicode_ci;

-- --------------------------------------------------------

--
-- Table structure for table `barangays`
--

CREATE TABLE `barangays` (
  `id` bigint(20) UNSIGNED NOT NULL,
  `city_id` bigint(20) UNSIGNED NOT NULL,
  `name` varchar(255) NOT NULL,
  `contact_person` varchar(255) NOT NULL,
  `phone` varchar(255) NOT NULL,
  `email` varchar(255) DEFAULT NULL,
  `created_at` timestamp NULL DEFAULT NULL,
  `updated_at` timestamp NULL DEFAULT NULL
) ENGINE=InnoDB DEFAULT CHARSET=utf8mb4 COLLATE=utf8mb4_unicode_ci;

--
-- Dumping data for table `barangays`
--

INSERT INTO `barangays` (`id`, `city_id`, `name`, `contact_person`, `phone`, `email`, `created_at`, `updated_at`) VALUES
(190, 35, 'Adia', 'TBD', 'TBD', NULL, '2024-10-29 21:55:51', '2024-10-29 21:55:51'),
(191, 35, 'Bagong Sikat', 'TBD', 'TBD', NULL, '2024-10-29 21:55:51', '2024-10-29 21:55:51'),
(192, 35, 'Balangon', 'TBD', 'TBD', NULL, '2024-10-29 21:55:51', '2024-10-29 21:55:51'),
(193, 35, 'Bilibinwang', 'TBD', 'TBD', NULL, '2024-10-29 21:55:51', '2024-10-29 21:55:51'),
(194, 35, 'Bangin', 'TBD', 'TBD', NULL, '2024-10-29 21:55:51', '2024-10-29 21:55:51'),
(195, 35, 'Barigon', 'TBD', 'TBD', NULL, '2024-10-29 21:55:51', '2024-10-29 21:55:51'),
(196, 35, 'Coral Na Munti', 'TBD', 'TBD', NULL, '2024-10-29 21:55:51', '2024-10-29 21:55:51'),
(197, 35, 'Guitna', 'TBD', 'TBD', NULL, '2024-10-29 21:55:51', '2024-10-29 21:55:51'),
(198, 35, 'Mabini', 'TBD', 'TBD', NULL, '2024-10-29 21:55:51', '2024-10-29 21:55:51'),
(199, 35, 'Pamiga', 'TBD', 'TBD', NULL, '2024-10-29 21:55:51', '2024-10-29 21:55:51'),
(200, 35, 'Panhulan', 'TBD', 'TBD', NULL, '2024-10-29 21:55:51', '2024-10-29 21:55:51'),
(201, 35, 'Pansipit', 'TBD', 'TBD', NULL, '2024-10-29 21:55:51', '2024-10-29 21:55:51'),
(202, 35, 'Poblacion', 'TBD', 'TBD', NULL, '2024-10-29 21:55:51', '2024-10-29 21:55:51'),
(203, 35, 'Pook', 'TBD', 'TBD', NULL, '2024-10-29 21:55:51', '2024-10-29 21:55:51'),
(204, 35, 'San Jacinto', 'TBD', 'TBD', NULL, '2024-10-29 21:55:51', '2024-10-29 21:55:51'),
(205, 35, 'San Teodoro', 'TBD', 'TBD', NULL, '2024-10-29 21:55:51', '2024-10-29 21:55:51'),
(206, 35, 'Santa Cruz', 'TBD', 'TBD', NULL, '2024-10-29 21:55:51', '2024-10-29 21:55:51'),
(207, 35, 'Santo Tomas', 'TBD', 'TBD', NULL, '2024-10-29 21:55:51', '2024-10-29 21:55:51'),
(208, 35, 'Subic Ibaba', 'TBD', 'TBD', NULL, '2024-10-29 21:55:51', '2024-10-29 21:55:51'),
(209, 35, 'Subic Ilaya', 'TBD', 'TBD', NULL, '2024-10-29 21:55:51', '2024-10-29 21:55:51'),
(210, 35, 'Banyaga', 'TBD', 'TBD', NULL, '2024-10-29 21:55:51', '2024-10-29 21:55:51'),
(211, 36, 'Balagbag', 'TBD', 'TBD', NULL, '2024-10-29 21:55:51', '2024-10-29 21:55:51'),
(212, 36, 'Concepcion', 'TBD', 'TBD', NULL, '2024-10-29 21:55:51', '2024-10-29 21:55:51'),
(213, 36, 'Concordia', 'TBD', 'TBD', NULL, '2024-10-29 21:55:51', '2024-10-29 21:55:51'),
(214, 36, 'Dalipit East', 'TBD', 'TBD', NULL, '2024-10-29 21:55:51', '2024-10-29 21:55:51'),
(215, 36, 'Dalipit West', 'TBD', 'TBD', NULL, '2024-10-29 21:55:51', '2024-10-29 21:55:51'),
(216, 36, 'Dominador East', 'TBD', 'TBD', NULL, '2024-10-29 21:55:51', '2024-10-29 21:55:51'),
(217, 36, 'Dominador West', 'TBD', 'TBD', NULL, '2024-10-29 21:55:51', '2024-10-29 21:55:51'),
(218, 36, 'Munlawin Sur', 'TBD', 'TBD', NULL, '2024-10-29 21:55:51', '2024-10-29 21:55:51'),
(219, 36, 'Munlawin Norte', 'TBD', 'TBD', NULL, '2024-10-29 21:55:51', '2024-10-29 21:55:51'),
(220, 36, 'Muzon Primero', 'TBD', 'TBD', NULL, '2024-10-29 21:55:51', '2024-10-29 21:55:51'),
(221, 36, 'Muzon Segundo', 'TBD', 'TBD', NULL, '2024-10-29 21:55:51', '2024-10-29 21:55:51'),
(222, 36, 'Pinagkurusan', 'TBD', 'TBD', NULL, '2024-10-29 21:55:51', '2024-10-29 21:55:51'),
(223, 36, 'Ping-As', 'TBD', 'TBD', NULL, '2024-10-29 21:55:51', '2024-10-29 21:55:51'),
(224, 36, 'Poblacion East', 'TBD', 'TBD', NULL, '2024-10-29 21:55:51', '2024-10-29 21:55:51'),
(225, 36, 'Poblacion West', 'TBD', 'TBD', NULL, '2024-10-29 21:55:51', '2024-10-29 21:55:51'),
(226, 36, 'San Jose', 'TBD', 'TBD', NULL, '2024-10-29 21:55:51', '2024-10-29 21:55:51'),
(227, 36, 'Santa Cruz', 'TBD', 'TBD', NULL, '2024-10-29 21:55:51', '2024-10-29 21:55:51'),
(228, 36, 'Tadlac', 'TBD', 'TBD', NULL, '2024-10-29 21:55:51', '2024-10-29 21:55:51'),
(229, 36, 'San Juan', 'TBD', 'TBD', NULL, '2024-10-29 21:55:51', '2024-10-29 21:55:51'),
(230, 37, 'Baclaran', 'TBD', 'TBD', NULL, '2024-10-29 21:55:51', '2024-10-29 21:55:51'),
(231, 37, 'Barangay 1', 'TBD', 'TBD', NULL, '2024-10-29 21:55:51', '2024-10-29 21:55:51'),
(232, 37, 'Barangay 10', 'TBD', 'TBD', NULL, '2024-10-29 21:55:51', '2024-10-29 21:55:51'),
(233, 37, 'Barangay 11', 'TBD', 'TBD', NULL, '2024-10-29 21:55:51', '2024-10-29 21:55:51'),
(234, 37, 'Barangay 12', 'TBD', 'TBD', NULL, '2024-10-29 21:55:51', '2024-10-29 21:55:51'),
(235, 37, 'Barangay 2', 'TBD', 'TBD', NULL, '2024-10-29 21:55:51', '2024-10-29 21:55:51'),
(236, 37, 'Barangay 3', 'TBD', 'TBD', NULL, '2024-10-29 21:55:51', '2024-10-29 21:55:51'),
(237, 37, 'Barangay 4', 'TBD', 'TBD', NULL, '2024-10-29 21:55:51', '2024-10-29 21:55:51'),
(238, 37, 'Barangay 5', 'TBD', 'TBD', NULL, '2024-10-29 21:55:51', '2024-10-29 21:55:51'),
(239, 37, 'Barangay 6', 'TBD', 'TBD', NULL, '2024-10-29 21:55:51', '2024-10-29 21:55:51'),
(240, 37, 'Barangay 7', 'TBD', 'TBD', NULL, '2024-10-29 21:55:51', '2024-10-29 21:55:51'),
(241, 37, 'Barangay 8', 'TBD', 'TBD', NULL, '2024-10-29 21:55:51', '2024-10-29 21:55:51'),
(242, 37, 'Barangay 9', 'TBD', 'TBD', NULL, '2024-10-29 21:55:51', '2024-10-29 21:55:51'),
(243, 37, 'Calan', 'TBD', 'TBD', NULL, '2024-10-29 21:55:51', '2024-10-29 21:55:51'),
(244, 37, 'Caloocan', 'TBD', 'TBD', NULL, '2024-10-29 21:55:51', '2024-10-29 21:55:51'),
(245, 37, 'Calzada', 'TBD', 'TBD', NULL, '2024-10-29 21:55:51', '2024-10-29 21:55:51'),
(246, 37, 'Canda', 'TBD', 'TBD', NULL, '2024-10-29 21:55:51', '2024-10-29 21:55:51'),
(247, 37, 'Carenahan', 'TBD', 'TBD', NULL, '2024-10-29 21:55:51', '2024-10-29 21:55:51'),
(248, 37, 'Caybunga', 'TBD', 'TBD', NULL, '2024-10-29 21:55:51', '2024-10-29 21:55:51'),
(249, 37, 'Cayponce', 'TBD', 'TBD', NULL, '2024-10-29 21:55:51', '2024-10-29 21:55:51'),
(250, 37, 'Dalig', 'TBD', 'TBD', NULL, '2024-10-29 21:55:51', '2024-10-29 21:55:51'),
(251, 37, 'Dao', 'TBD', 'TBD', NULL, '2024-10-29 21:55:51', '2024-10-29 21:55:51'),
(252, 37, 'Dilao', 'TBD', 'TBD', NULL, '2024-10-29 21:55:51', '2024-10-29 21:55:51'),
(253, 37, 'Duhatan', 'TBD', 'TBD', NULL, '2024-10-29 21:55:51', '2024-10-29 21:55:51'),
(254, 37, 'Durungao', 'TBD', 'TBD', NULL, '2024-10-29 21:55:51', '2024-10-29 21:55:51'),
(255, 37, 'Gimalas', 'TBD', 'TBD', NULL, '2024-10-29 21:55:51', '2024-10-29 21:55:51'),
(256, 37, 'Gumamela', 'TBD', 'TBD', NULL, '2024-10-29 21:55:51', '2024-10-29 21:55:51'),
(257, 37, 'Lagnas', 'TBD', 'TBD', NULL, '2024-10-29 21:55:51', '2024-10-29 21:55:51'),
(258, 37, 'Lanatan', 'TBD', 'TBD', NULL, '2024-10-29 21:55:51', '2024-10-29 21:55:51'),
(259, 37, 'Langgangan', 'TBD', 'TBD', NULL, '2024-10-29 21:55:51', '2024-10-29 21:55:51'),
(260, 37, 'Lucban Putol', 'TBD', 'TBD', NULL, '2024-10-29 21:55:51', '2024-10-29 21:55:51'),
(261, 37, 'Lucban Pook', 'TBD', 'TBD', NULL, '2024-10-29 21:55:51', '2024-10-29 21:55:51'),
(262, 37, 'Magabe', 'TBD', 'TBD', NULL, '2024-10-29 21:55:51', '2024-10-29 21:55:51'),
(263, 37, 'Malalay', 'TBD', 'TBD', NULL, '2024-10-29 21:55:51', '2024-10-29 21:55:51'),
(264, 37, 'Munting Tubig', 'TBD', 'TBD', NULL, '2024-10-29 21:55:51', '2024-10-29 21:55:51'),
(265, 37, 'Navotas', 'TBD', 'TBD', NULL, '2024-10-29 21:55:51', '2024-10-29 21:55:51'),
(266, 37, 'Patugo', 'TBD', 'TBD', NULL, '2024-10-29 21:55:51', '2024-10-29 21:55:51'),
(267, 37, 'Palikpikan', 'TBD', 'TBD', NULL, '2024-10-29 21:55:51', '2024-10-29 21:55:51'),
(268, 37, 'Pooc', 'TBD', 'TBD', NULL, '2024-10-29 21:55:51', '2024-10-29 21:55:51'),
(269, 37, 'Sambat', 'TBD', 'TBD', NULL, '2024-10-29 21:55:51', '2024-10-29 21:55:51'),
(270, 37, 'Sampaga', 'TBD', 'TBD', NULL, '2024-10-29 21:55:51', '2024-10-29 21:55:51'),
(271, 37, 'San Juan', 'TBD', 'TBD', NULL, '2024-10-29 21:55:51', '2024-10-29 21:55:51'),
(272, 37, 'San Piro', 'TBD', 'TBD', NULL, '2024-10-29 21:55:51', '2024-10-29 21:55:51'),
(273, 37, 'Santol', 'TBD', 'TBD', NULL, '2024-10-29 21:55:51', '2024-10-29 21:55:51'),
(274, 37, 'Sukol', 'TBD', 'TBD', NULL, '2024-10-29 21:55:51', '2024-10-29 21:55:51'),
(275, 37, 'Tactac', 'TBD', 'TBD', NULL, '2024-10-29 21:55:51', '2024-10-29 21:55:51'),
(276, 37, 'Taludtud', 'TBD', 'TBD', NULL, '2024-10-29 21:55:51', '2024-10-29 21:55:51'),
(277, 37, 'Tanggoy', 'TBD', 'TBD', NULL, '2024-10-29 21:55:51', '2024-10-29 21:55:51'),
(278, 38, 'Alangilan', 'TBD', 'TBD', NULL, '2024-10-29 21:55:51', '2024-10-29 21:55:51'),
(279, 38, 'Calawit', 'TBD', 'TBD', NULL, '2024-10-29 21:55:51', '2024-10-29 21:55:51'),
(280, 38, 'Looc', 'TBD', 'TBD', NULL, '2024-10-29 21:55:51', '2024-10-29 21:55:51'),
(281, 38, 'Magapi', 'TBD', 'TBD', NULL, '2024-10-29 21:55:51', '2024-10-29 21:55:51'),
(282, 38, 'Makina', 'TBD', 'TBD', NULL, '2024-10-29 21:55:51', '2024-10-29 21:55:51'),
(283, 38, 'Malabanan', 'TBD', 'TBD', NULL, '2024-10-29 21:55:51', '2024-10-29 21:55:51'),
(284, 38, 'Paligawan', 'TBD', 'TBD', NULL, '2024-10-29 21:55:51', '2024-10-29 21:55:51'),
(285, 38, 'Palsara', 'TBD', 'TBD', NULL, '2024-10-29 21:55:51', '2024-10-29 21:55:51'),
(286, 38, 'Poblacion', 'TBD', 'TBD', NULL, '2024-10-29 21:55:51', '2024-10-29 21:55:51'),
(287, 38, 'Sala', 'TBD', 'TBD', NULL, '2024-10-29 21:55:51', '2024-10-29 21:55:51'),
(288, 38, 'Sampalocan', 'TBD', 'TBD', NULL, '2024-10-29 21:55:51', '2024-10-29 21:55:51'),
(289, 38, 'Solis', 'TBD', 'TBD', NULL, '2024-10-29 21:55:51', '2024-10-29 21:55:51'),
(290, 38, 'San Sebastian', 'TBD', 'TBD', NULL, '2024-10-29 21:55:51', '2024-10-29 21:55:51'),
(291, 39, 'Alangilan', 'TBD', 'TBD', NULL, '2024-10-29 21:55:51', '2024-10-29 21:55:51'),
(292, 39, 'Balagtas', 'TBD', 'TBD', NULL, '2024-10-29 21:55:51', '2024-10-29 21:55:51'),
(293, 39, 'Balete', 'TBD', 'TBD', NULL, '2024-10-29 21:55:51', '2024-10-29 21:55:51'),
(294, 39, 'Banaba Center', 'TBD', 'TBD', NULL, '2024-10-29 21:55:51', '2024-10-29 21:55:51'),
(295, 39, 'Banaba Kanluran', 'TBD', 'TBD', NULL, '2024-10-29 21:55:51', '2024-10-29 21:55:51'),
(296, 39, 'Banaba Silangan', 'TBD', 'TBD', NULL, '2024-10-29 21:55:51', '2024-10-29 21:55:51'),
(297, 39, 'Banaba Ibaba', 'TBD', 'TBD', NULL, '2024-10-29 21:55:51', '2024-10-29 21:55:51'),
(298, 39, 'Bilogo', 'TBD', 'TBD', NULL, '2024-10-29 21:55:51', '2024-10-29 21:55:51'),
(299, 39, 'Maapas', 'TBD', 'TBD', NULL, '2024-10-29 21:55:51', '2024-10-29 21:55:51'),
(300, 39, 'Bolbok', 'TBD', 'TBD', NULL, '2024-10-29 21:55:51', '2024-10-29 21:55:51'),
(301, 39, 'Bukal', 'TBD', 'TBD', NULL, '2024-10-29 21:55:51', '2024-10-29 21:55:51'),
(302, 39, 'Calicanto', 'TBD', 'TBD', NULL, '2024-10-29 21:55:51', '2024-10-29 21:55:51'),
(303, 39, 'Catandala', 'TBD', 'TBD', NULL, '2024-10-29 21:55:51', '2024-10-29 21:55:51'),
(304, 39, 'Concepcion', 'TBD', 'TBD', NULL, '2024-10-29 21:55:51', '2024-10-29 21:55:51'),
(305, 39, 'Conde Itaas', 'TBD', 'TBD', NULL, '2024-10-29 21:55:51', '2024-10-29 21:55:51'),
(306, 39, 'Conde Labak', 'TBD', 'TBD', NULL, '2024-10-29 21:55:51', '2024-10-29 21:55:51'),
(307, 39, 'Cuta', 'TBD', 'TBD', NULL, '2024-10-29 21:55:51', '2024-10-29 21:55:51'),
(308, 39, 'Dalig', 'TBD', 'TBD', NULL, '2024-10-29 21:55:51', '2024-10-29 21:55:51'),
(309, 39, 'Dela Paz', 'TBD', 'TBD', NULL, '2024-10-29 21:55:51', '2024-10-29 21:55:51'),
(310, 39, 'Dela Paz Pulot Aplaya', 'TBD', 'TBD', NULL, '2024-10-29 21:55:51', '2024-10-29 21:55:51'),
(311, 39, 'Dela Paz Pulot Itaas', 'TBD', 'TBD', NULL, '2024-10-29 21:55:51', '2024-10-29 21:55:51'),
(312, 39, 'Domoclay', 'TBD', 'TBD', NULL, '2024-10-29 21:55:51', '2024-10-29 21:55:51'),
(313, 39, 'Dumantay', 'TBD', 'TBD', NULL, '2024-10-29 21:55:51', '2024-10-29 21:55:51'),
(314, 39, 'Gulod Itaas', 'TBD', 'TBD', NULL, '2024-10-29 21:55:51', '2024-10-29 21:55:51'),
(315, 39, 'Gulod Labak', 'TBD', 'TBD', NULL, '2024-10-29 21:55:51', '2024-10-29 21:55:51'),
(316, 39, 'Haligue Kanluran', 'TBD', 'TBD', NULL, '2024-10-29 21:55:51', '2024-10-29 21:55:51'),
(317, 39, 'Haligue Silangan', 'TBD', 'TBD', NULL, '2024-10-29 21:55:51', '2024-10-29 21:55:51'),
(318, 39, 'Ilihan', 'TBD', 'TBD', NULL, '2024-10-29 21:55:51', '2024-10-29 21:55:51'),
(319, 39, 'Kumba', 'TBD', 'TBD', NULL, '2024-10-29 21:55:51', '2024-10-29 21:55:51'),
(320, 39, 'Kumintang Ibaba', 'TBD', 'TBD', NULL, '2024-10-29 21:55:51', '2024-10-29 21:55:51'),
(321, 39, 'Kumintang Ilaya', 'TBD', 'TBD', NULL, '2024-10-29 21:55:51', '2024-10-29 21:55:51'),
(322, 39, 'Libjo', 'TBD', 'TBD', NULL, '2024-10-29 21:55:51', '2024-10-29 21:55:51'),
(323, 39, 'Liponpon, Isla Verde', 'TBD', 'TBD', NULL, '2024-10-29 21:55:51', '2024-10-29 21:55:51'),
(324, 39, 'Mahabang Dahilig', 'TBD', 'TBD', NULL, '2024-10-29 21:55:51', '2024-10-29 21:55:51'),
(325, 39, 'Mahabang Parang', 'TBD', 'TBD', NULL, '2024-10-29 21:55:51', '2024-10-29 21:55:51'),
(326, 39, 'Mahacot Silangan', 'TBD', 'TBD', NULL, '2024-10-29 21:55:51', '2024-10-29 21:55:51'),
(327, 39, 'Mahacot Kanluran', 'TBD', 'TBD', NULL, '2024-10-29 21:55:51', '2024-10-29 21:55:51'),
(328, 39, 'Malalim', 'TBD', 'TBD', NULL, '2024-10-29 21:55:51', '2024-10-29 21:55:51'),
(329, 39, 'Malibayo', 'TBD', 'TBD', NULL, '2024-10-29 21:55:51', '2024-10-29 21:55:51'),
(330, 39, 'Malitam', 'TBD', 'TBD', NULL, '2024-10-29 21:55:51', '2024-10-29 21:55:51'),
(331, 39, 'Maruclap', 'TBD', 'TBD', NULL, '2024-10-29 21:55:51', '2024-10-29 21:55:51'),
(332, 39, 'Mabacong', 'TBD', 'TBD', NULL, '2024-10-29 21:55:51', '2024-10-29 21:55:51'),
(333, 39, 'Pagkilatan', 'TBD', 'TBD', NULL, '2024-10-29 21:55:51', '2024-10-29 21:55:51'),
(334, 39, 'Paharang Kanluran', 'TBD', 'TBD', NULL, '2024-10-29 21:55:51', '2024-10-29 21:55:51'),
(335, 39, 'Paharang Silangan', 'TBD', 'TBD', NULL, '2024-10-29 21:55:51', '2024-10-29 21:55:51'),
(336, 39, 'Pallocan Silangan', 'TBD', 'TBD', NULL, '2024-10-29 21:55:51', '2024-10-29 21:55:51'),
(337, 39, 'Pallocan Kanluran', 'TBD', 'TBD', NULL, '2024-10-29 21:55:51', '2024-10-29 21:55:51'),
(338, 39, 'Pinamucan', 'TBD', 'TBD', NULL, '2024-10-29 21:55:51', '2024-10-29 21:55:51'),
(339, 39, 'Pinamucan Ibaba', 'TBD', 'TBD', NULL, '2024-10-29 21:55:51', '2024-10-29 21:55:51'),
(340, 39, 'Pinamucan Silangan', 'TBD', 'TBD', NULL, '2024-10-29 21:55:51', '2024-10-29 21:55:51'),
(341, 39, 'Barangay 1', 'TBD', 'TBD', NULL, '2024-10-29 21:55:51', '2024-10-29 21:55:51'),
(342, 39, 'Barangay 10', 'TBD', 'TBD', NULL, '2024-10-29 21:55:51', '2024-10-29 21:55:51'),
(343, 39, 'Barangay 11', 'TBD', 'TBD', NULL, '2024-10-29 21:55:51', '2024-10-29 21:55:51'),
(344, 39, 'Barangay 12', 'TBD', 'TBD', NULL, '2024-10-29 21:55:51', '2024-10-29 21:55:51'),
(345, 39, 'Barangay 13', 'TBD', 'TBD', NULL, '2024-10-29 21:55:51', '2024-10-29 21:55:51'),
(346, 39, 'Barangay 14', 'TBD', 'TBD', NULL, '2024-10-29 21:55:51', '2024-10-29 21:55:51'),
(347, 39, 'Barangay 15', 'TBD', 'TBD', NULL, '2024-10-29 21:55:51', '2024-10-29 21:55:51'),
(348, 39, 'Barangay 16', 'TBD', 'TBD', NULL, '2024-10-29 21:55:51', '2024-10-29 21:55:51'),
(349, 39, 'Barangay 17', 'TBD', 'TBD', NULL, '2024-10-29 21:55:51', '2024-10-29 21:55:51'),
(350, 39, 'Barangay 18', 'TBD', 'TBD', NULL, '2024-10-29 21:55:51', '2024-10-29 21:55:51'),
(351, 39, 'Barangay 19', 'TBD', 'TBD', NULL, '2024-10-29 21:55:51', '2024-10-29 21:55:51'),
(352, 39, 'Barangay 2', 'TBD', 'TBD', NULL, '2024-10-29 21:55:51', '2024-10-29 21:55:51'),
(353, 39, 'Barangay 20', 'TBD', 'TBD', NULL, '2024-10-29 21:55:51', '2024-10-29 21:55:51'),
(354, 39, 'Barangay 21', 'TBD', 'TBD', NULL, '2024-10-29 21:55:51', '2024-10-29 21:55:51'),
(355, 39, 'Barangay 22', 'TBD', 'TBD', NULL, '2024-10-29 21:55:51', '2024-10-29 21:55:51'),
(356, 39, 'Barangay 23', 'TBD', 'TBD', NULL, '2024-10-29 21:55:51', '2024-10-29 21:55:51'),
(357, 39, 'Barangay 24', 'TBD', 'TBD', NULL, '2024-10-29 21:55:51', '2024-10-29 21:55:51'),
(358, 39, 'Barangay 3', 'TBD', 'TBD', NULL, '2024-10-29 21:55:51', '2024-10-29 21:55:51'),
(359, 39, 'Barangay 4', 'TBD', 'TBD', NULL, '2024-10-29 21:55:51', '2024-10-29 21:55:51'),
(360, 39, 'Barangay 5', 'TBD', 'TBD', NULL, '2024-10-29 21:55:51', '2024-10-29 21:55:51'),
(361, 39, 'Barangay 6', 'TBD', 'TBD', NULL, '2024-10-29 21:55:51', '2024-10-29 21:55:51'),
(362, 39, 'Barangay 7', 'TBD', 'TBD', NULL, '2024-10-29 21:55:51', '2024-10-29 21:55:51'),
(363, 39, 'Barangay 8', 'TBD', 'TBD', NULL, '2024-10-29 21:55:51', '2024-10-29 21:55:51'),
(364, 39, 'Barangay 9', 'TBD', 'TBD', NULL, '2024-10-29 21:55:51', '2024-10-29 21:55:51'),
(365, 39, 'Sampaga', 'TBD', 'TBD', NULL, '2024-10-29 21:55:51', '2024-10-29 21:55:51'),
(366, 39, 'San Agapito, Isla Verde', 'TBD', 'TBD', NULL, '2024-10-29 21:55:51', '2024-10-29 21:55:51'),
(367, 39, 'San Agustin Kanluran, Isla Verde', 'TBD', 'TBD', NULL, '2024-10-29 21:55:51', '2024-10-29 21:55:51'),
(368, 39, 'San Agustin Silangan, Isla Verde', 'TBD', 'TBD', NULL, '2024-10-29 21:55:51', '2024-10-29 21:55:51'),
(369, 39, 'San Andres, Isla Verde', 'TBD', 'TBD', NULL, '2024-10-29 21:55:51', '2024-10-29 21:55:51'),
(370, 39, 'San Antonio, Isla Verde', 'TBD', 'TBD', NULL, '2024-10-29 21:55:51', '2024-10-29 21:55:51'),
(371, 39, 'San Isidro', 'TBD', 'TBD', NULL, '2024-10-29 21:55:51', '2024-10-29 21:55:51'),
(372, 39, 'San Jose Sico', 'TBD', 'TBD', NULL, '2024-10-29 21:55:51', '2024-10-29 21:55:51'),
(373, 39, 'San Miguel', 'TBD', 'TBD', NULL, '2024-10-29 21:55:51', '2024-10-29 21:55:51'),
(374, 39, 'San Pedro', 'TBD', 'TBD', NULL, '2024-10-29 21:55:51', '2024-10-29 21:55:51'),
(375, 39, 'Santa Clara', 'TBD', 'TBD', NULL, '2024-10-29 21:55:51', '2024-10-29 21:55:51'),
(376, 39, 'Santa Rita Aplaya', 'TBD', 'TBD', NULL, '2024-10-29 21:55:51', '2024-10-29 21:55:51'),
(377, 39, 'Santa Rita Karsada', 'TBD', 'TBD', NULL, '2024-10-29 21:55:51', '2024-10-29 21:55:51'),
(378, 39, 'Santo Domingo', 'TBD', 'TBD', NULL, '2024-10-29 21:55:51', '2024-10-29 21:55:51'),
(379, 39, 'Santo Niño', 'TBD', 'TBD', NULL, '2024-10-29 21:55:51', '2024-10-29 21:55:51'),
(380, 39, 'Simlong', 'TBD', 'TBD', NULL, '2024-10-29 21:55:51', '2024-10-29 21:55:51'),
(381, 39, 'Sirang Lupa', 'TBD', 'TBD', NULL, '2024-10-29 21:55:51', '2024-10-29 21:55:51'),
(382, 39, 'Sorosoro Ibaba', 'TBD', 'TBD', NULL, '2024-10-29 21:55:51', '2024-10-29 21:55:51'),
(383, 39, 'Sorosoro Ilaya', 'TBD', 'TBD', NULL, '2024-10-29 21:55:51', '2024-10-29 21:55:51'),
(384, 39, 'Sorosoro Karsada', 'TBD', 'TBD', NULL, '2024-10-29 21:55:51', '2024-10-29 21:55:51'),
(385, 39, 'Tabangao Aplaya', 'TBD', 'TBD', NULL, '2024-10-29 21:55:51', '2024-10-29 21:55:51'),
(386, 39, 'Tabangao Ambulong', 'TBD', 'TBD', NULL, '2024-10-29 21:55:51', '2024-10-29 21:55:51'),
(387, 39, 'Tabangao Dao', 'TBD', 'TBD', NULL, '2024-10-29 21:55:51', '2024-10-29 21:55:51'),
(388, 39, 'Talahib Pandayan', 'TBD', 'TBD', NULL, '2024-10-29 21:55:51', '2024-10-29 21:55:51'),
(389, 39, 'Talahib Payapa', 'TBD', 'TBD', NULL, '2024-10-29 21:55:51', '2024-10-29 21:55:51'),
(390, 39, 'Talumpok Kanluran', 'TBD', 'TBD', NULL, '2024-10-29 21:55:51', '2024-10-29 21:55:51'),
(391, 39, 'Talumpok Silangan', 'TBD', 'TBD', NULL, '2024-10-29 21:55:51', '2024-10-29 21:55:51'),
(392, 39, 'Tinga Itaas', 'TBD', 'TBD', NULL, '2024-10-29 21:55:51', '2024-10-29 21:55:51'),
(393, 39, 'Tinga Labak', 'TBD', 'TBD', NULL, '2024-10-29 21:55:51', '2024-10-29 21:55:51'),
(394, 39, 'Tulo', 'TBD', 'TBD', NULL, '2024-10-29 21:55:51', '2024-10-29 21:55:51'),
(395, 39, 'Wawa', 'TBD', 'TBD', NULL, '2024-10-29 21:55:51', '2024-10-29 21:55:51'),
(396, 40, 'Alagao', 'TBD', 'TBD', NULL, '2024-10-29 21:55:51', '2024-10-29 21:55:51'),
(397, 40, 'Aplaya', 'TBD', 'TBD', NULL, '2024-10-29 21:55:51', '2024-10-29 21:55:51'),
(398, 40, 'As-Is', 'TBD', 'TBD', NULL, '2024-10-29 21:55:51', '2024-10-29 21:55:51'),
(399, 40, 'Bagong Silang', 'TBD', 'TBD', NULL, '2024-10-29 21:55:51', '2024-10-29 21:55:51'),
(400, 40, 'Baguilawa', 'TBD', 'TBD', NULL, '2024-10-29 21:55:51', '2024-10-29 21:55:51'),
(401, 40, 'Balayong', 'TBD', 'TBD', NULL, '2024-10-29 21:55:51', '2024-10-29 21:55:51'),
(402, 40, 'Barangay I', 'TBD', 'TBD', NULL, '2024-10-29 21:55:51', '2024-10-29 21:55:51'),
(403, 40, 'Barangay II', 'TBD', 'TBD', NULL, '2024-10-29 21:55:51', '2024-10-29 21:55:51'),
(404, 40, 'Barangay III', 'TBD', 'TBD', NULL, '2024-10-29 21:55:51', '2024-10-29 21:55:51'),
(405, 40, 'Barangay IV', 'TBD', 'TBD', NULL, '2024-10-29 21:55:51', '2024-10-29 21:55:51'),
(406, 40, 'Bolo', 'TBD', 'TBD', NULL, '2024-10-29 21:55:51', '2024-10-29 21:55:51'),
(407, 40, 'Colvo', 'TBD', 'TBD', NULL, '2024-10-29 21:55:51', '2024-10-29 21:55:51'),
(408, 40, 'Cupang', 'TBD', 'TBD', NULL, '2024-10-29 21:55:51', '2024-10-29 21:55:51'),
(409, 40, 'Durungao', 'TBD', 'TBD', NULL, '2024-10-29 21:55:51', '2024-10-29 21:55:51'),
(410, 40, 'Gulibay', 'TBD', 'TBD', NULL, '2024-10-29 21:55:51', '2024-10-29 21:55:51'),
(411, 40, 'Inicbulan', 'TBD', 'TBD', NULL, '2024-10-29 21:55:51', '2024-10-29 21:55:51'),
(412, 40, 'Locloc', 'TBD', 'TBD', NULL, '2024-10-29 21:55:51', '2024-10-29 21:55:51'),
(413, 40, 'Magalang-Galang', 'TBD', 'TBD', NULL, '2024-10-29 21:55:51', '2024-10-29 21:55:51'),
(414, 40, 'Malindig', 'TBD', 'TBD', NULL, '2024-10-29 21:55:51', '2024-10-29 21:55:51'),
(415, 40, 'Manalupong', 'TBD', 'TBD', NULL, '2024-10-29 21:55:51', '2024-10-29 21:55:51'),
(416, 40, 'Manghinao Proper', 'TBD', 'TBD', NULL, '2024-10-29 21:55:51', '2024-10-29 21:55:51'),
(417, 40, 'Manghinao Uno', 'TBD', 'TBD', NULL, '2024-10-29 21:55:51', '2024-10-29 21:55:51'),
(418, 40, 'New Danglayan', 'TBD', 'TBD', NULL, '2024-10-29 21:55:51', '2024-10-29 21:55:51'),
(419, 40, 'Orense', 'TBD', 'TBD', NULL, '2024-10-29 21:55:51', '2024-10-29 21:55:51'),
(420, 40, 'Pitugo', 'TBD', 'TBD', NULL, '2024-10-29 21:55:51', '2024-10-29 21:55:51'),
(421, 40, 'Rizal', 'TBD', 'TBD', NULL, '2024-10-29 21:55:51', '2024-10-29 21:55:51'),
(422, 40, 'Sampaguita', 'TBD', 'TBD', NULL, '2024-10-29 21:55:51', '2024-10-29 21:55:51'),
(423, 40, 'San Agustin', 'TBD', 'TBD', NULL, '2024-10-29 21:55:51', '2024-10-29 21:55:51'),
(424, 40, 'San Andres Proper', 'TBD', 'TBD', NULL, '2024-10-29 21:55:51', '2024-10-29 21:55:51'),
(425, 40, 'San Andres Uno', 'TBD', 'TBD', NULL, '2024-10-29 21:55:51', '2024-10-29 21:55:51'),
(426, 40, 'San Diego', 'TBD', 'TBD', NULL, '2024-10-29 21:55:51', '2024-10-29 21:55:51'),
(427, 40, 'San Miguel', 'TBD', 'TBD', NULL, '2024-10-29 21:55:51', '2024-10-29 21:55:51'),
(428, 40, 'San Pablo', 'TBD', 'TBD', NULL, '2024-10-29 21:55:51', '2024-10-29 21:55:51'),
(429, 40, 'San Pedro', 'TBD', 'TBD', NULL, '2024-10-29 21:55:51', '2024-10-29 21:55:51'),
(430, 40, 'San Roque', 'TBD', 'TBD', NULL, '2024-10-29 21:55:51', '2024-10-29 21:55:51'),
(431, 40, 'San Teodoro', 'TBD', 'TBD', NULL, '2024-10-29 21:55:51', '2024-10-29 21:55:51'),
(432, 40, 'San Vicente', 'TBD', 'TBD', NULL, '2024-10-29 21:55:51', '2024-10-29 21:55:51'),
(433, 40, 'Santa Maria', 'TBD', 'TBD', NULL, '2024-10-29 21:55:51', '2024-10-29 21:55:51'),
(434, 40, 'Santo Domingo', 'TBD', 'TBD', NULL, '2024-10-29 21:55:51', '2024-10-29 21:55:51'),
(435, 40, 'Sinala', 'TBD', 'TBD', NULL, '2024-10-29 21:55:51', '2024-10-29 21:55:51'),
(436, 41, 'Bagong Tubig', 'TBD', 'TBD', NULL, '2024-10-29 21:55:51', '2024-10-29 21:55:51'),
(437, 41, 'Baclas', 'TBD', 'TBD', NULL, '2024-10-29 21:55:51', '2024-10-29 21:55:51'),
(438, 41, 'Balimbing', 'TBD', 'TBD', NULL, '2024-10-29 21:55:51', '2024-10-29 21:55:51'),
(439, 41, 'Bambang', 'TBD', 'TBD', NULL, '2024-10-29 21:55:51', '2024-10-29 21:55:51'),
(440, 41, 'Barangay 1', 'TBD', 'TBD', NULL, '2024-10-29 21:55:51', '2024-10-29 21:55:51'),
(441, 41, 'Barangay 2', 'TBD', 'TBD', NULL, '2024-10-29 21:55:51', '2024-10-29 21:55:51'),
(442, 41, 'Barangay 3', 'TBD', 'TBD', NULL, '2024-10-29 21:55:51', '2024-10-29 21:55:51'),
(443, 41, 'Barangay 4', 'TBD', 'TBD', NULL, '2024-10-29 21:55:51', '2024-10-29 21:55:51'),
(444, 41, 'Barangay 5', 'TBD', 'TBD', NULL, '2024-10-29 21:55:51', '2024-10-29 21:55:51'),
(445, 41, 'Barangay 6', 'TBD', 'TBD', NULL, '2024-10-29 21:55:51', '2024-10-29 21:55:51'),
(446, 41, 'Bisaya', 'TBD', 'TBD', NULL, '2024-10-29 21:55:51', '2024-10-29 21:55:51'),
(447, 41, 'Cahil', 'TBD', 'TBD', NULL, '2024-10-29 21:55:51', '2024-10-29 21:55:51'),
(448, 41, 'Caluangan', 'TBD', 'TBD', NULL, '2024-10-29 21:55:51', '2024-10-29 21:55:51'),
(449, 41, 'Calantas', 'TBD', 'TBD', NULL, '2024-10-29 21:55:51', '2024-10-29 21:55:51'),
(450, 41, 'Camastilisan', 'TBD', 'TBD', NULL, '2024-10-29 21:55:51', '2024-10-29 21:55:51'),
(451, 41, 'Coral Ni Lopez', 'TBD', 'TBD', NULL, '2024-10-29 21:55:51', '2024-10-29 21:55:51'),
(452, 41, 'Coral Ni Bacal', 'TBD', 'TBD', NULL, '2024-10-29 21:55:51', '2024-10-29 21:55:51'),
(453, 41, 'Dacanlao', 'TBD', 'TBD', NULL, '2024-10-29 21:55:51', '2024-10-29 21:55:51'),
(454, 41, 'Dila', 'TBD', 'TBD', NULL, '2024-10-29 21:55:51', '2024-10-29 21:55:51'),
(455, 41, 'Loma', 'TBD', 'TBD', NULL, '2024-10-29 21:55:51', '2024-10-29 21:55:51'),
(456, 41, 'Lumbang Calzada', 'TBD', 'TBD', NULL, '2024-10-29 21:55:51', '2024-10-29 21:55:51'),
(457, 41, 'Lumbang Na Bata', 'TBD', 'TBD', NULL, '2024-10-29 21:55:51', '2024-10-29 21:55:51'),
(458, 41, 'Lumbang Na Matanda', 'TBD', 'TBD', NULL, '2024-10-29 21:55:51', '2024-10-29 21:55:51'),
(459, 41, 'Madalunot', 'TBD', 'TBD', NULL, '2024-10-29 21:55:51', '2024-10-29 21:55:51'),
(460, 41, 'Makina', 'TBD', 'TBD', NULL, '2024-10-29 21:55:51', '2024-10-29 21:55:51'),
(461, 41, 'Matipok', 'TBD', 'TBD', NULL, '2024-10-29 21:55:51', '2024-10-29 21:55:51'),
(462, 41, 'Munting Coral', 'TBD', 'TBD', NULL, '2024-10-29 21:55:51', '2024-10-29 21:55:51'),
(463, 41, 'Niyugan', 'TBD', 'TBD', NULL, '2024-10-29 21:55:51', '2024-10-29 21:55:51'),
(464, 41, 'Pantay', 'TBD', 'TBD', NULL, '2024-10-29 21:55:51', '2024-10-29 21:55:51'),
(465, 41, 'Puting Bato West', 'TBD', 'TBD', NULL, '2024-10-29 21:55:51', '2024-10-29 21:55:51'),
(466, 41, 'Puting Kahoy', 'TBD', 'TBD', NULL, '2024-10-29 21:55:51', '2024-10-29 21:55:51'),
(467, 41, 'Puting Bato East', 'TBD', 'TBD', NULL, '2024-10-29 21:55:51', '2024-10-29 21:55:51'),
(468, 41, 'Quisumbing', 'TBD', 'TBD', NULL, '2024-10-29 21:55:51', '2024-10-29 21:55:51'),
(469, 41, 'Salong', 'TBD', 'TBD', NULL, '2024-10-29 21:55:51', '2024-10-29 21:55:51'),
(470, 41, 'San Rafael', 'TBD', 'TBD', NULL, '2024-10-29 21:55:51', '2024-10-29 21:55:51'),
(471, 41, 'Sinisian', 'TBD', 'TBD', NULL, '2024-10-29 21:55:51', '2024-10-29 21:55:51'),
(472, 41, 'Taklang Anak', 'TBD', 'TBD', NULL, '2024-10-29 21:55:51', '2024-10-29 21:55:51'),
(473, 41, 'Talisay', 'TBD', 'TBD', NULL, '2024-10-29 21:55:51', '2024-10-29 21:55:51'),
(474, 41, 'Tamayo', 'TBD', 'TBD', NULL, '2024-10-29 21:55:51', '2024-10-29 21:55:51'),
(475, 41, 'Timbain', 'TBD', 'TBD', NULL, '2024-10-29 21:55:51', '2024-10-29 21:55:51'),
(476, 42, 'Bagong Silang', 'TBD', 'TBD', NULL, '2024-10-29 21:55:51', '2024-10-29 21:55:51'),
(477, 42, 'Baha', 'TBD', 'TBD', NULL, '2024-10-29 21:55:51', '2024-10-29 21:55:51'),
(478, 42, 'Balibago', 'TBD', 'TBD', NULL, '2024-10-29 21:55:51', '2024-10-29 21:55:51'),
(479, 42, 'Balitoc', 'TBD', 'TBD', NULL, '2024-10-29 21:55:51', '2024-10-29 21:55:51'),
(480, 42, 'Biga', 'TBD', 'TBD', NULL, '2024-10-29 21:55:51', '2024-10-29 21:55:51'),
(481, 42, 'Bucal', 'TBD', 'TBD', NULL, '2024-10-29 21:55:51', '2024-10-29 21:55:51'),
(482, 42, 'Carlosa', 'TBD', 'TBD', NULL, '2024-10-29 21:55:51', '2024-10-29 21:55:51'),
(483, 42, 'Carretunan', 'TBD', 'TBD', NULL, '2024-10-29 21:55:51', '2024-10-29 21:55:51'),
(484, 42, 'Encarnacion', 'TBD', 'TBD', NULL, '2024-10-29 21:55:51', '2024-10-29 21:55:51'),
(485, 42, 'Gulod', 'TBD', 'TBD', NULL, '2024-10-29 21:55:51', '2024-10-29 21:55:51'),
(486, 42, 'Hukay', 'TBD', 'TBD', NULL, '2024-10-29 21:55:51', '2024-10-29 21:55:51'),
(487, 42, 'Lucsuhin', 'TBD', 'TBD', NULL, '2024-10-29 21:55:51', '2024-10-29 21:55:51'),
(488, 42, 'Luya', 'TBD', 'TBD', NULL, '2024-10-29 21:55:51', '2024-10-29 21:55:51'),
(489, 42, 'Paraiso', 'TBD', 'TBD', NULL, '2024-10-29 21:55:51', '2024-10-29 21:55:51'),
(490, 42, 'Barangay 1', 'TBD', 'TBD', NULL, '2024-10-29 21:55:51', '2024-10-29 21:55:51'),
(491, 42, 'Barangay 2', 'TBD', 'TBD', NULL, '2024-10-29 21:55:51', '2024-10-29 21:55:51'),
(492, 42, 'Barangay 3', 'TBD', 'TBD', NULL, '2024-10-29 21:55:51', '2024-10-29 21:55:51'),
(493, 42, 'Barangay 4', 'TBD', 'TBD', NULL, '2024-10-29 21:55:51', '2024-10-29 21:55:51'),
(494, 42, 'Quilitisan', 'TBD', 'TBD', NULL, '2024-10-29 21:55:51', '2024-10-29 21:55:51'),
(495, 42, 'Real', 'TBD', 'TBD', NULL, '2024-10-29 21:55:51', '2024-10-29 21:55:51'),
(496, 42, 'Sambungan', 'TBD', 'TBD', NULL, '2024-10-29 21:55:51', '2024-10-29 21:55:51'),
(497, 42, 'Santa Ana', 'TBD', 'TBD', NULL, '2024-10-29 21:55:51', '2024-10-29 21:55:51'),
(498, 42, 'Talibayog', 'TBD', 'TBD', NULL, '2024-10-29 21:55:51', '2024-10-29 21:55:51'),
(499, 42, 'Talisay', 'TBD', 'TBD', NULL, '2024-10-29 21:55:51', '2024-10-29 21:55:51'),
(500, 42, 'Tanagan', 'TBD', 'TBD', NULL, '2024-10-29 21:55:51', '2024-10-29 21:55:51'),
(501, 43, 'Balagbag', 'TBD', 'TBD', NULL, '2024-10-29 21:55:51', '2024-10-29 21:55:51'),
(502, 43, 'Bungahan', 'TBD', 'TBD', NULL, '2024-10-29 21:55:51', '2024-10-29 21:55:51'),
(503, 43, 'Calumayin', 'TBD', 'TBD', NULL, '2024-10-29 21:55:51', '2024-10-29 21:55:51'),
(504, 43, 'Dalipit East', 'TBD', 'TBD', NULL, '2024-10-29 21:55:51', '2024-10-29 21:55:51'),
(505, 43, 'Dalipit West', 'TBD', 'TBD', NULL, '2024-10-29 21:55:51', '2024-10-29 21:55:51'),
(506, 43, 'Dita', 'TBD', 'TBD', NULL, '2024-10-29 21:55:51', '2024-10-29 21:55:51'),
(507, 43, 'Don Juan', 'TBD', 'TBD', NULL, '2024-10-29 21:55:51', '2024-10-29 21:55:51'),
(508, 43, 'Emmanuel', 'TBD', 'TBD', NULL, '2024-10-29 21:55:51', '2024-10-29 21:55:51'),
(509, 43, 'Ibabao', 'TBD', 'TBD', NULL, '2024-10-29 21:55:51', '2024-10-29 21:55:51'),
(510, 43, 'Labac', 'TBD', 'TBD', NULL, '2024-10-29 21:55:51', '2024-10-29 21:55:51'),
(511, 43, 'Pinagkaisahan', 'TBD', 'TBD', NULL, '2024-10-29 21:55:51', '2024-10-29 21:55:51'),
(512, 43, 'San Felipe', 'TBD', 'TBD', NULL, '2024-10-29 21:55:51', '2024-10-29 21:55:51'),
(513, 43, 'San Isidro', 'TBD', 'TBD', NULL, '2024-10-29 21:55:51', '2024-10-29 21:55:51'),
(514, 43, 'Barangay 1', 'TBD', 'TBD', NULL, '2024-10-29 21:55:51', '2024-10-29 21:55:51'),
(515, 43, 'Barangay 2', 'TBD', 'TBD', NULL, '2024-10-29 21:55:51', '2024-10-29 21:55:51'),
(516, 43, 'Barangay 3', 'TBD', 'TBD', NULL, '2024-10-29 21:55:51', '2024-10-29 21:55:51'),
(517, 43, 'Barangay 4', 'TBD', 'TBD', NULL, '2024-10-29 21:55:51', '2024-10-29 21:55:51'),
(518, 43, 'Barangay 5', 'TBD', 'TBD', NULL, '2024-10-29 21:55:51', '2024-10-29 21:55:51'),
(519, 43, 'Barangay 6', 'TBD', 'TBD', NULL, '2024-10-29 21:55:51', '2024-10-29 21:55:51'),
(520, 43, 'Barangay 7', 'TBD', 'TBD', NULL, '2024-10-29 21:55:51', '2024-10-29 21:55:51'),
(521, 43, 'Barangay 8', 'TBD', 'TBD', NULL, '2024-10-29 21:55:51', '2024-10-29 21:55:51'),
(522, 44, 'Bago', 'TBD', 'TBD', NULL, '2024-10-29 21:55:51', '2024-10-29 21:55:51'),
(523, 44, 'Balanga', 'TBD', 'TBD', NULL, '2024-10-29 21:55:51', '2024-10-29 21:55:51'),
(524, 44, 'Bungahan', 'TBD', 'TBD', NULL, '2024-10-29 21:55:51', '2024-10-29 21:55:51'),
(525, 44, 'Calamias', 'TBD', 'TBD', NULL, '2024-10-29 21:55:51', '2024-10-29 21:55:51'),
(526, 44, 'Catandala', 'TBD', 'TBD', NULL, '2024-10-29 21:55:51', '2024-10-29 21:55:51'),
(527, 44, 'Coliat', 'TBD', 'TBD', NULL, '2024-10-29 21:55:51', '2024-10-29 21:55:51'),
(528, 44, 'Dayapan', 'TBD', 'TBD', NULL, '2024-10-29 21:55:51', '2024-10-29 21:55:51'),
(529, 44, 'Lapu-lapu', 'TBD', 'TBD', NULL, '2024-10-29 21:55:51', '2024-10-29 21:55:51'),
(530, 44, 'Lucsuhin', 'TBD', 'TBD', NULL, '2024-10-29 21:55:51', '2024-10-29 21:55:51'),
(531, 44, 'Mabalor', 'TBD', 'TBD', NULL, '2024-10-29 21:55:51', '2024-10-29 21:55:51'),
(532, 44, 'Malainin', 'TBD', 'TBD', NULL, '2024-10-29 21:55:51', '2024-10-29 21:55:51'),
(533, 44, 'Matala', 'TBD', 'TBD', NULL, '2024-10-29 21:55:51', '2024-10-29 21:55:51'),
(534, 44, 'Munting-Tubig', 'TBD', 'TBD', NULL, '2024-10-29 21:55:51', '2024-10-29 21:55:51'),
(535, 44, 'Palindan', 'TBD', 'TBD', NULL, '2024-10-29 21:55:51', '2024-10-29 21:55:51'),
(536, 44, 'Pangao', 'TBD', 'TBD', NULL, '2024-10-29 21:55:51', '2024-10-29 21:55:51'),
(537, 44, 'Panghayaan', 'TBD', 'TBD', NULL, '2024-10-29 21:55:51', '2024-10-29 21:55:51'),
(538, 44, 'Poblacion', 'TBD', 'TBD', NULL, '2024-10-29 21:55:51', '2024-10-29 21:55:51'),
(539, 44, 'Quilo', 'TBD', 'TBD', NULL, '2024-10-29 21:55:51', '2024-10-29 21:55:51'),
(540, 44, 'Sabang', 'TBD', 'TBD', NULL, '2024-10-29 21:55:51', '2024-10-29 21:55:51'),
(541, 44, 'Salaban I', 'TBD', 'TBD', NULL, '2024-10-29 21:55:51', '2024-10-29 21:55:51'),
(542, 44, 'San Agustin', 'TBD', 'TBD', NULL, '2024-10-29 21:55:51', '2024-10-29 21:55:51'),
(543, 44, 'Sandalan', 'TBD', 'TBD', NULL, '2024-10-29 21:55:51', '2024-10-29 21:55:51'),
(544, 44, 'Santo Niño', 'TBD', 'TBD', NULL, '2024-10-29 21:55:51', '2024-10-29 21:55:51'),
(545, 44, 'Talaibon', 'TBD', 'TBD', NULL, '2024-10-29 21:55:51', '2024-10-29 21:55:51'),
(546, 44, 'Tulay Na Patpat', 'TBD', 'TBD', NULL, '2024-10-29 21:55:51', '2024-10-29 21:55:51'),
(547, 44, 'Salaban II', 'TBD', 'TBD', NULL, '2024-10-29 21:55:51', '2024-10-29 21:55:51'),
(548, 45, 'As-Is', 'TBD', 'TBD', NULL, '2024-10-29 21:55:51', '2024-10-29 21:55:51'),
(549, 45, 'Balakilong', 'TBD', 'TBD', NULL, '2024-10-29 21:55:51', '2024-10-29 21:55:51'),
(550, 45, 'Berinayan', 'TBD', 'TBD', NULL, '2024-10-29 21:55:51', '2024-10-29 21:55:51'),
(551, 45, 'Bugaan East', 'TBD', 'TBD', NULL, '2024-10-29 21:55:51', '2024-10-29 21:55:51'),
(552, 45, 'Bugaan West', 'TBD', 'TBD', NULL, '2024-10-29 21:55:51', '2024-10-29 21:55:51'),
(553, 45, 'Buso-buso', 'TBD', 'TBD', NULL, '2024-10-29 21:55:51', '2024-10-29 21:55:51'),
(554, 45, 'Dayap Itaas', 'TBD', 'TBD', NULL, '2024-10-29 21:55:51', '2024-10-29 21:55:51'),
(555, 45, 'Gulod', 'TBD', 'TBD', NULL, '2024-10-29 21:55:51', '2024-10-29 21:55:51'),
(556, 45, 'J. Leviste', 'TBD', 'TBD', NULL, '2024-10-29 21:55:51', '2024-10-29 21:55:51'),
(557, 45, 'Molinete', 'TBD', 'TBD', NULL, '2024-10-29 21:55:51', '2024-10-29 21:55:51'),
(558, 45, 'Niyugan', 'TBD', 'TBD', NULL, '2024-10-29 21:55:51', '2024-10-29 21:55:51'),
(559, 45, 'Paliparan', 'TBD', 'TBD', NULL, '2024-10-29 21:55:51', '2024-10-29 21:55:51'),
(560, 45, 'Barangay 1', 'TBD', 'TBD', NULL, '2024-10-29 21:55:51', '2024-10-29 21:55:51'),
(561, 45, 'Barangay 2', 'TBD', 'TBD', NULL, '2024-10-29 21:55:51', '2024-10-29 21:55:51'),
(562, 45, 'Barangay 3', 'TBD', 'TBD', NULL, '2024-10-29 21:55:51', '2024-10-29 21:55:51'),
(563, 45, 'Barangay 4', 'TBD', 'TBD', NULL, '2024-10-29 21:55:51', '2024-10-29 21:55:51'),
(564, 45, 'Barangay 5', 'TBD', 'TBD', NULL, '2024-10-29 21:55:51', '2024-10-29 21:55:51'),
(565, 45, 'San Gabriel', 'TBD', 'TBD', NULL, '2024-10-29 21:55:51', '2024-10-29 21:55:51'),
(566, 45, 'San Gregorio', 'TBD', 'TBD', NULL, '2024-10-29 21:55:51', '2024-10-29 21:55:51'),
(567, 45, 'Santa Maria', 'TBD', 'TBD', NULL, '2024-10-29 21:55:51', '2024-10-29 21:55:51'),
(568, 45, 'Ticub', 'TBD', 'TBD', NULL, '2024-10-29 21:55:51', '2024-10-29 21:55:51'),
(569, 46, 'Anak-Dagat', 'TBD', 'TBD', NULL, '2024-10-29 21:55:51', '2024-10-29 21:55:51'),
(570, 46, 'Arumahan', 'TBD', 'TBD', NULL, '2024-10-29 21:55:51', '2024-10-29 21:55:51'),
(571, 46, 'Ayao-iyao', 'TBD', 'TBD', NULL, '2024-10-29 21:55:51', '2024-10-29 21:55:51'),
(572, 46, 'Bagong Pook', 'TBD', 'TBD', NULL, '2024-10-29 21:55:51', '2024-10-29 21:55:51'),
(573, 46, 'Bagong Sikat', 'TBD', 'TBD', NULL, '2024-10-29 21:55:51', '2024-10-29 21:55:51'),
(574, 46, 'Balanga', 'TBD', 'TBD', NULL, '2024-10-29 21:55:51', '2024-10-29 21:55:51'),
(575, 46, 'Bukal', 'TBD', 'TBD', NULL, '2024-10-29 21:55:51', '2024-10-29 21:55:51'),
(576, 46, 'Cahilan I', 'TBD', 'TBD', NULL, '2024-10-29 21:55:51', '2024-10-29 21:55:51'),
(577, 46, 'Cahilan II', 'TBD', 'TBD', NULL, '2024-10-29 21:55:51', '2024-10-29 21:55:51'),
(578, 46, 'Dayapan', 'TBD', 'TBD', NULL, '2024-10-29 21:55:51', '2024-10-29 21:55:51'),
(579, 46, 'Dita', 'TBD', 'TBD', NULL, '2024-10-29 21:55:51', '2024-10-29 21:55:51'),
(580, 46, 'Gulod', 'TBD', 'TBD', NULL, '2024-10-29 21:55:51', '2024-10-29 21:55:51'),
(581, 46, 'Lucky', 'TBD', 'TBD', NULL, '2024-10-29 21:55:51', '2024-10-29 21:55:51'),
(582, 46, 'Maguihan', 'TBD', 'TBD', NULL, '2024-10-29 21:55:51', '2024-10-29 21:55:51'),
(583, 46, 'Mahabang Dahilig', 'TBD', 'TBD', NULL, '2024-10-29 21:55:51', '2024-10-29 21:55:51'),
(584, 46, 'Mahayahay', 'TBD', 'TBD', NULL, '2024-10-29 21:55:51', '2024-10-29 21:55:51'),
(585, 46, 'Maigsing Dahilig', 'TBD', 'TBD', NULL, '2024-10-29 21:55:51', '2024-10-29 21:55:51'),
(586, 46, 'Maligaya', 'TBD', 'TBD', NULL, '2024-10-29 21:55:51', '2024-10-29 21:55:51'),
(587, 46, 'Malinis', 'TBD', 'TBD', NULL, '2024-10-29 21:55:51', '2024-10-29 21:55:51'),
(588, 46, 'Masalisi', 'TBD', 'TBD', NULL, '2024-10-29 21:55:51', '2024-10-29 21:55:51'),
(589, 46, 'Mataas Na Bayan', 'TBD', 'TBD', NULL, '2024-10-29 21:55:51', '2024-10-29 21:55:51'),
(590, 46, 'Matingain I', 'TBD', 'TBD', NULL, '2024-10-29 21:55:51', '2024-10-29 21:55:51'),
(591, 46, 'Matingain II', 'TBD', 'TBD', NULL, '2024-10-29 21:55:51', '2024-10-29 21:55:51'),
(592, 46, 'Mayasang', 'TBD', 'TBD', NULL, '2024-10-29 21:55:51', '2024-10-29 21:55:51'),
(593, 46, 'Niugan', 'TBD', 'TBD', NULL, '2024-10-29 21:55:51', '2024-10-29 21:55:51'),
(594, 46, 'Nonong Casto', 'TBD', 'TBD', NULL, '2024-10-29 21:55:51', '2024-10-29 21:55:51'),
(595, 46, 'Palanas', 'TBD', 'TBD', NULL, '2024-10-29 21:55:51', '2024-10-29 21:55:51'),
(596, 46, 'Payapa Ibaba', 'TBD', 'TBD', NULL, '2024-10-29 21:55:51', '2024-10-29 21:55:51'),
(597, 46, 'Payapa Ilaya', 'TBD', 'TBD', NULL, '2024-10-29 21:55:51', '2024-10-29 21:55:51'),
(598, 46, 'District I', 'TBD', 'TBD', NULL, '2024-10-29 21:55:51', '2024-10-29 21:55:51'),
(599, 46, 'District II', 'TBD', 'TBD', NULL, '2024-10-29 21:55:51', '2024-10-29 21:55:51'),
(600, 46, 'District III', 'TBD', 'TBD', NULL, '2024-10-29 21:55:51', '2024-10-29 21:55:51'),
(601, 46, 'District IV', 'TBD', 'TBD', NULL, '2024-10-29 21:55:51', '2024-10-29 21:55:51'),
(602, 46, 'Rizal', 'TBD', 'TBD', NULL, '2024-10-29 21:55:51', '2024-10-29 21:55:51'),
(603, 46, 'Sambal Ibaba', 'TBD', 'TBD', NULL, '2024-10-29 21:55:51', '2024-10-29 21:55:51'),
(604, 46, 'Sambal Ilaya', 'TBD', 'TBD', NULL, '2024-10-29 21:55:51', '2024-10-29 21:55:51'),
(605, 46, 'San Isidro Ibaba', 'TBD', 'TBD', NULL, '2024-10-29 21:55:51', '2024-10-29 21:55:51'),
(606, 46, 'San Isidro Itaas', 'TBD', 'TBD', NULL, '2024-10-29 21:55:51', '2024-10-29 21:55:51'),
(607, 46, 'Sangalang', 'TBD', 'TBD', NULL, '2024-10-29 21:55:51', '2024-10-29 21:55:51'),
(608, 46, 'Talaga', 'TBD', 'TBD', NULL, '2024-10-29 21:55:51', '2024-10-29 21:55:51'),
(609, 46, 'Tubigan', 'TBD', 'TBD', NULL, '2024-10-29 21:55:51', '2024-10-29 21:55:51'),
(610, 46, 'Tubuan', 'TBD', 'TBD', NULL, '2024-10-29 21:55:51', '2024-10-29 21:55:51'),
(611, 46, 'Wawa Ibaba', 'TBD', 'TBD', NULL, '2024-10-29 21:55:51', '2024-10-29 21:55:51'),
(612, 46, 'Wawa Ilaya', 'TBD', 'TBD', NULL, '2024-10-29 21:55:51', '2024-10-29 21:55:51'),
(613, 46, 'Sinisian East', 'TBD', 'TBD', NULL, '2024-10-29 21:55:51', '2024-10-29 21:55:51'),
(614, 46, 'Sinisian West', 'TBD', 'TBD', NULL, '2024-10-29 21:55:51', '2024-10-29 21:55:51'),
(615, 47, 'Bagong Pook', 'TBD', 'TBD', NULL, '2024-10-29 21:55:51', '2024-10-29 21:55:51'),
(616, 47, 'Balibago', 'TBD', 'TBD', NULL, '2024-10-29 21:55:51', '2024-10-29 21:55:51'),
(617, 47, 'Binubusan', 'TBD', 'TBD', NULL, '2024-10-29 21:55:51', '2024-10-29 21:55:51'),
(618, 47, 'Bungahan', 'TBD', 'TBD', NULL, '2024-10-29 21:55:51', '2024-10-29 21:55:51'),
(619, 47, 'Cumba', 'TBD', 'TBD', NULL, '2024-10-29 21:55:51', '2024-10-29 21:55:51'),
(620, 47, 'Humayingan', 'TBD', 'TBD', NULL, '2024-10-29 21:55:51', '2024-10-29 21:55:51'),
(621, 47, 'Kapito', 'TBD', 'TBD', NULL, '2024-10-29 21:55:51', '2024-10-29 21:55:51'),
(622, 47, 'Lumaniag', 'TBD', 'TBD', NULL, '2024-10-29 21:55:51', '2024-10-29 21:55:51'),
(623, 47, 'Luyahan', 'TBD', 'TBD', NULL, '2024-10-29 21:55:51', '2024-10-29 21:55:51'),
(624, 47, 'Malaruhatan', 'TBD', 'TBD', NULL, '2024-10-29 21:55:51', '2024-10-29 21:55:51'),
(625, 47, 'Matabungkay', 'TBD', 'TBD', NULL, '2024-10-29 21:55:51', '2024-10-29 21:55:51'),
(626, 47, 'Barangay 1', 'TBD', 'TBD', NULL, '2024-10-29 21:55:51', '2024-10-29 21:55:51'),
(627, 47, 'Barangay 2', 'TBD', 'TBD', NULL, '2024-10-29 21:55:51', '2024-10-29 21:55:51'),
(628, 47, 'Barangay 3', 'TBD', 'TBD', NULL, '2024-10-29 21:55:51', '2024-10-29 21:55:51'),
(629, 47, 'Barangay 4', 'TBD', 'TBD', NULL, '2024-10-29 21:55:51', '2024-10-29 21:55:51'),
(630, 47, 'Barangay 5', 'TBD', 'TBD', NULL, '2024-10-29 21:55:51', '2024-10-29 21:55:51'),
(631, 47, 'Prenza', 'TBD', 'TBD', NULL, '2024-10-29 21:55:51', '2024-10-29 21:55:51'),
(632, 47, 'Puting-Kahoy', 'TBD', 'TBD', NULL, '2024-10-29 21:55:51', '2024-10-29 21:55:51'),
(633, 47, 'San Diego', 'TBD', 'TBD', NULL, '2024-10-29 21:55:51', '2024-10-29 21:55:51'),
(634, 48, 'Adya', 'TBD', 'TBD', NULL, '2024-10-29 21:55:51', '2024-10-29 21:55:51'),
(635, 48, 'Anilao', 'TBD', 'TBD', NULL, '2024-10-29 21:55:51', '2024-10-29 21:55:51'),
(636, 48, 'Anilao-Labac', 'TBD', 'TBD', NULL, '2024-10-29 21:55:51', '2024-10-29 21:55:51'),
(637, 48, 'Antipolo Del Norte', 'TBD', 'TBD', NULL, '2024-10-29 21:55:51', '2024-10-29 21:55:51'),
(638, 48, 'Antipolo Del Sur', 'TBD', 'TBD', NULL, '2024-10-29 21:55:51', '2024-10-29 21:55:51'),
(639, 48, 'Bagong Pook', 'TBD', 'TBD', NULL, '2024-10-29 21:55:51', '2024-10-29 21:55:51'),
(640, 48, 'San Sebastian', 'TBD', 'TBD', NULL, '2024-10-29 21:55:51', '2024-10-29 21:55:51'),
(641, 48, 'Balintawak', 'TBD', 'TBD', NULL, '2024-10-29 21:55:51', '2024-10-29 21:55:51'),
(642, 48, 'Banaybanay', 'TBD', 'TBD', NULL, '2024-10-29 21:55:51', '2024-10-29 21:55:51'),
(643, 48, 'Bolbok', 'TBD', 'TBD', NULL, '2024-10-29 21:55:51', '2024-10-29 21:55:51'),
(644, 48, 'Bugtong na Pulo', 'TBD', 'TBD', NULL, '2024-10-29 21:55:51', '2024-10-29 21:55:51'),
(645, 48, 'Bulacnin', 'TBD', 'TBD', NULL, '2024-10-29 21:55:51', '2024-10-29 21:55:51'),
(646, 48, 'Bulaklakan', 'TBD', 'TBD', NULL, '2024-10-29 21:55:51', '2024-10-29 21:55:51'),
(647, 48, 'Calamias', 'TBD', 'TBD', NULL, '2024-10-29 21:55:51', '2024-10-29 21:55:51'),
(648, 48, 'Cumba', 'TBD', 'TBD', NULL, '2024-10-29 21:55:51', '2024-10-29 21:55:51'),
(649, 48, 'Dagatan', 'TBD', 'TBD', NULL, '2024-10-29 21:55:51', '2024-10-29 21:55:51'),
(650, 48, 'Duhatan', 'TBD', 'TBD', NULL, '2024-10-29 21:55:51', '2024-10-29 21:55:51'),
(651, 48, 'Halang', 'TBD', 'TBD', NULL, '2024-10-29 21:55:51', '2024-10-29 21:55:51'),
(652, 48, 'Inosloban', 'TBD', 'TBD', NULL, '2024-10-29 21:55:51', '2024-10-29 21:55:51'),
(653, 48, 'Kayumanggi', 'TBD', 'TBD', NULL, '2024-10-29 21:55:51', '2024-10-29 21:55:51'),
(654, 48, 'Latag', 'TBD', 'TBD', NULL, '2024-10-29 21:55:51', '2024-10-29 21:55:51'),
(655, 48, 'Lodlod', 'TBD', 'TBD', NULL, '2024-10-29 21:55:51', '2024-10-29 21:55:51'),
(656, 48, 'Lumbang', 'TBD', 'TBD', NULL, '2024-10-29 21:55:51', '2024-10-29 21:55:51'),
(657, 48, 'Mabini', 'TBD', 'TBD', NULL, '2024-10-29 21:55:51', '2024-10-29 21:55:51'),
(658, 48, 'Malagonlong', 'TBD', 'TBD', NULL, '2024-10-29 21:55:51', '2024-10-29 21:55:51'),
(659, 48, 'Malitlit', 'TBD', 'TBD', NULL, '2024-10-29 21:55:51', '2024-10-29 21:55:51'),
(660, 48, 'Marauoy', 'TBD', 'TBD', NULL, '2024-10-29 21:55:51', '2024-10-29 21:55:51'),
(661, 48, 'Mataas Na Lupa', 'TBD', 'TBD', NULL, '2024-10-29 21:55:51', '2024-10-29 21:55:51'),
(662, 48, 'Munting Pulo', 'TBD', 'TBD', NULL, '2024-10-29 21:55:51', '2024-10-29 21:55:51'),
(663, 48, 'Pagolingin Bata', 'TBD', 'TBD', NULL, '2024-10-29 21:55:51', '2024-10-29 21:55:51'),
(664, 48, 'Pagolingin East', 'TBD', 'TBD', NULL, '2024-10-29 21:55:51', '2024-10-29 21:55:51'),
(665, 48, 'Pagolingin West', 'TBD', 'TBD', NULL, '2024-10-29 21:55:51', '2024-10-29 21:55:51'),
(666, 48, 'Pangao', 'TBD', 'TBD', NULL, '2024-10-29 21:55:51', '2024-10-29 21:55:51'),
(667, 48, 'Pinagkawitan', 'TBD', 'TBD', NULL, '2024-10-29 21:55:51', '2024-10-29 21:55:51'),
(668, 48, 'Pinagtongulan', 'TBD', 'TBD', NULL, '2024-10-29 21:55:51', '2024-10-29 21:55:51'),
(669, 48, 'Plaridel', 'TBD', 'TBD', NULL, '2024-10-29 21:55:51', '2024-10-29 21:55:51'),
(670, 48, 'Poblacion Barangay 1', 'TBD', 'TBD', NULL, '2024-10-29 21:55:51', '2024-10-29 21:55:51'),
(671, 48, 'Poblacion Barangay 10', 'TBD', 'TBD', NULL, '2024-10-29 21:55:51', '2024-10-29 21:55:51'),
(672, 48, 'Poblacion Barangay 11', 'TBD', 'TBD', NULL, '2024-10-29 21:55:51', '2024-10-29 21:55:51'),
(673, 48, 'Poblacion Barangay 2', 'TBD', 'TBD', NULL, '2024-10-29 21:55:51', '2024-10-29 21:55:51'),
(674, 48, 'Poblacion Barangay 3', 'TBD', 'TBD', NULL, '2024-10-29 21:55:51', '2024-10-29 21:55:51'),
(675, 48, 'Poblacion Barangay 4', 'TBD', 'TBD', NULL, '2024-10-29 21:55:51', '2024-10-29 21:55:51'),
(676, 48, 'Poblacion Barangay 5', 'TBD', 'TBD', NULL, '2024-10-29 21:55:51', '2024-10-29 21:55:51'),
(677, 48, 'Poblacion Barangay 6', 'TBD', 'TBD', NULL, '2024-10-29 21:55:51', '2024-10-29 21:55:51'),
(678, 48, 'Poblacion Barangay 7', 'TBD', 'TBD', NULL, '2024-10-29 21:55:51', '2024-10-29 21:55:51'),
(679, 48, 'Poblacion Barangay 8', 'TBD', 'TBD', NULL, '2024-10-29 21:55:51', '2024-10-29 21:55:51'),
(680, 48, 'Poblacion Barangay 9', 'TBD', 'TBD', NULL, '2024-10-29 21:55:51', '2024-10-29 21:55:51'),
(681, 48, 'Pusil', 'TBD', 'TBD', NULL, '2024-10-29 21:55:51', '2024-10-29 21:55:51'),
(682, 48, 'Quezon', 'TBD', 'TBD', NULL, '2024-10-29 21:55:51', '2024-10-29 21:55:51'),
(683, 48, 'Rizal', 'TBD', 'TBD', NULL, '2024-10-29 21:55:51', '2024-10-29 21:55:51'),
(684, 48, 'Sabang', 'TBD', 'TBD', NULL, '2024-10-29 21:55:51', '2024-10-29 21:55:51'),
(685, 48, 'Sampaguita', 'TBD', 'TBD', NULL, '2024-10-29 21:55:51', '2024-10-29 21:55:51'),
(686, 48, 'San Benito', 'TBD', 'TBD', NULL, '2024-10-29 21:55:51', '2024-10-29 21:55:51'),
(687, 48, 'San Carlos', 'TBD', 'TBD', NULL, '2024-10-29 21:55:51', '2024-10-29 21:55:51'),
(688, 48, 'San Celestino', 'TBD', 'TBD', NULL, '2024-10-29 21:55:51', '2024-10-29 21:55:51'),
(689, 48, 'San Francisco', 'TBD', 'TBD', NULL, '2024-10-29 21:55:51', '2024-10-29 21:55:51'),
(690, 48, 'San Guillermo', 'TBD', 'TBD', NULL, '2024-10-29 21:55:51', '2024-10-29 21:55:51'),
(691, 48, 'San Jose', 'TBD', 'TBD', NULL, '2024-10-29 21:55:51', '2024-10-29 21:55:51'),
(692, 48, 'San Lucas', 'TBD', 'TBD', NULL, '2024-10-29 21:55:51', '2024-10-29 21:55:51'),
(693, 48, 'San Salvador', 'TBD', 'TBD', NULL, '2024-10-29 21:55:51', '2024-10-29 21:55:51'),
(694, 48, 'Sapac', 'TBD', 'TBD', NULL, '2024-10-29 21:55:51', '2024-10-29 21:55:51'),
(695, 48, 'Sico', 'TBD', 'TBD', NULL, '2024-10-29 21:55:51', '2024-10-29 21:55:51'),
(696, 48, 'Santo Niño', 'TBD', 'TBD', NULL, '2024-10-29 21:55:51', '2024-10-29 21:55:51'),
(697, 48, 'Santo Toribio', 'TBD', 'TBD', NULL, '2024-10-29 21:55:51', '2024-10-29 21:55:51'),
(698, 48, 'Talisay', 'TBD', 'TBD', NULL, '2024-10-29 21:55:51', '2024-10-29 21:55:51'),
(699, 48, 'Tambo', 'TBD', 'TBD', NULL, '2024-10-29 21:55:51', '2024-10-29 21:55:51'),
(700, 48, 'Tangob', 'TBD', 'TBD', NULL, '2024-10-29 21:55:51', '2024-10-29 21:55:51'),
(701, 48, 'Tanguay', 'TBD', 'TBD', NULL, '2024-10-29 21:55:51', '2024-10-29 21:55:51'),
(702, 48, 'Tibig', 'TBD', 'TBD', NULL, '2024-10-29 21:55:51', '2024-10-29 21:55:51'),
(703, 48, 'Tipacan', 'TBD', 'TBD', NULL, '2024-10-29 21:55:51', '2024-10-29 21:55:51'),
(704, 48, 'Poblacion Barangay 9-A', 'TBD', 'TBD', NULL, '2024-10-29 21:55:51', '2024-10-29 21:55:51'),
(705, 48, 'Barangay 12', 'TBD', 'TBD', NULL, '2024-10-29 21:55:51', '2024-10-29 21:55:51'),
(706, 49, 'Apar', 'TBD', 'TBD', NULL, '2024-10-29 21:55:51', '2024-10-29 21:55:51'),
(707, 49, 'Balatbat', 'TBD', 'TBD', NULL, '2024-10-29 21:55:51', '2024-10-29 21:55:51'),
(708, 49, 'Balibago', 'TBD', 'TBD', NULL, '2024-10-29 21:55:51', '2024-10-29 21:55:51'),
(709, 49, 'Banalo', 'TBD', 'TBD', NULL, '2024-10-29 21:55:51', '2024-10-29 21:55:51'),
(710, 49, 'Biga', 'TBD', 'TBD', NULL, '2024-10-29 21:55:51', '2024-10-29 21:55:51'),
(711, 49, 'Bignay', 'TBD', 'TBD', NULL, '2024-10-29 21:55:51', '2024-10-29 21:55:51'),
(712, 49, 'Calo', 'TBD', 'TBD', NULL, '2024-10-29 21:55:51', '2024-10-29 21:55:51'),
(713, 49, 'Calumpit', 'TBD', 'TBD', NULL, '2024-10-29 21:55:51', '2024-10-29 21:55:51'),
(714, 49, 'Fabrica', 'TBD', 'TBD', NULL, '2024-10-29 21:55:51', '2024-10-29 21:55:51'),
(715, 49, 'Jaybanga', 'TBD', 'TBD', NULL, '2024-10-29 21:55:51', '2024-10-29 21:55:51'),
(716, 49, 'Lagadlarin', 'TBD', 'TBD', NULL, '2024-10-29 21:55:51', '2024-10-29 21:55:51'),
(717, 49, 'Mabilog Na Bundok', 'TBD', 'TBD', NULL, '2024-10-29 21:55:51', '2024-10-29 21:55:51'),
(718, 49, 'Malabrigo', 'TBD', 'TBD', NULL, '2024-10-29 21:55:51', '2024-10-29 21:55:51'),
(719, 49, 'Malalim Na Sanog', 'TBD', 'TBD', NULL, '2024-10-29 21:55:51', '2024-10-29 21:55:51'),
(720, 49, 'Malapad Na Parang', 'TBD', 'TBD', NULL, '2024-10-29 21:55:51', '2024-10-29 21:55:51'),
(721, 49, 'Masaguitsit', 'TBD', 'TBD', NULL, '2024-10-29 21:55:51', '2024-10-29 21:55:51'),
(722, 49, 'Nagtalongtong', 'TBD', 'TBD', NULL, '2024-10-29 21:55:51', '2024-10-29 21:55:51'),
(723, 49, 'Nagtoctoc', 'TBD', 'TBD', NULL, '2024-10-29 21:55:51', '2024-10-29 21:55:51'),
(724, 49, 'Olo-olo', 'TBD', 'TBD', NULL, '2024-10-29 21:55:51', '2024-10-29 21:55:51'),
(725, 49, 'Pinaghawanan', 'TBD', 'TBD', NULL, '2024-10-29 21:55:51', '2024-10-29 21:55:51'),
(726, 49, 'San Miguel', 'TBD', 'TBD', NULL, '2024-10-29 21:55:51', '2024-10-29 21:55:51'),
(727, 49, 'San Nicolas', 'TBD', 'TBD', NULL, '2024-10-29 21:55:51', '2024-10-29 21:55:51'),
(728, 49, 'Sawang', 'TBD', 'TBD', NULL, '2024-10-29 21:55:51', '2024-10-29 21:55:51'),
(729, 49, 'Soloc', 'TBD', 'TBD', NULL, '2024-10-29 21:55:51', '2024-10-29 21:55:51'),
(730, 49, 'Tayuman', 'TBD', 'TBD', NULL, '2024-10-29 21:55:51', '2024-10-29 21:55:51'),
(731, 49, 'Poblacion', 'TBD', 'TBD', NULL, '2024-10-29 21:55:51', '2024-10-29 21:55:51'),
(732, 50, 'Anilao Proper', 'TBD', 'TBD', NULL, '2024-10-29 21:55:51', '2024-10-29 21:55:51'),
(733, 50, 'Anilao East', 'TBD', 'TBD', NULL, '2024-10-29 21:55:51', '2024-10-29 21:55:51'),
(734, 50, 'Bagalangit', 'TBD', 'TBD', NULL, '2024-10-29 21:55:51', '2024-10-29 21:55:51'),
(735, 50, 'Bulacan', 'TBD', 'TBD', NULL, '2024-10-29 21:55:51', '2024-10-29 21:55:51'),
(736, 50, 'Calamias', 'TBD', 'TBD', NULL, '2024-10-29 21:55:51', '2024-10-29 21:55:51'),
(737, 50, 'Estrella', 'TBD', 'TBD', NULL, '2024-10-29 21:55:51', '2024-10-29 21:55:51'),
(738, 50, 'Gasang', 'TBD', 'TBD', NULL, '2024-10-29 21:55:51', '2024-10-29 21:55:51'),
(739, 50, 'Laurel', 'TBD', 'TBD', NULL, '2024-10-29 21:55:51', '2024-10-29 21:55:51'),
(740, 50, 'Ligaya', 'TBD', 'TBD', NULL, '2024-10-29 21:55:51', '2024-10-29 21:55:51'),
(741, 50, 'Mainaga', 'TBD', 'TBD', NULL, '2024-10-29 21:55:51', '2024-10-29 21:55:51'),
(742, 50, 'Mainit', 'TBD', 'TBD', NULL, '2024-10-29 21:55:51', '2024-10-29 21:55:51'),
(743, 50, 'Majuben', 'TBD', 'TBD', NULL, '2024-10-29 21:55:51', '2024-10-29 21:55:51'),
(744, 50, 'Malimatoc I', 'TBD', 'TBD', NULL, '2024-10-29 21:55:51', '2024-10-29 21:55:51'),
(745, 50, 'Malimatoc II', 'TBD', 'TBD', NULL, '2024-10-29 21:55:51', '2024-10-29 21:55:51'),
(746, 50, 'Nag-Iba', 'TBD', 'TBD', NULL, '2024-10-29 21:55:51', '2024-10-29 21:55:51'),
(747, 50, 'Pilahan', 'TBD', 'TBD', NULL, '2024-10-29 21:55:51', '2024-10-29 21:55:51'),
(748, 50, 'Poblacion', 'TBD', 'TBD', NULL, '2024-10-29 21:55:51', '2024-10-29 21:55:51'),
(749, 50, 'Pulang Lupa', 'TBD', 'TBD', NULL, '2024-10-29 21:55:51', '2024-10-29 21:55:51'),
(750, 50, 'Pulong Anahao', 'TBD', 'TBD', NULL, '2024-10-29 21:55:51', '2024-10-29 21:55:51');
INSERT INTO `barangays` (`id`, `city_id`, `name`, `contact_person`, `phone`, `email`, `created_at`, `updated_at`) VALUES
(751, 50, 'Pulong Balibaguhan', 'TBD', 'TBD', NULL, '2024-10-29 21:55:51', '2024-10-29 21:55:51'),
(752, 50, 'Pulong Niogan', 'TBD', 'TBD', NULL, '2024-10-29 21:55:51', '2024-10-29 21:55:51'),
(753, 50, 'Saguing', 'TBD', 'TBD', NULL, '2024-10-29 21:55:51', '2024-10-29 21:55:51'),
(754, 50, 'Sampaguita', 'TBD', 'TBD', NULL, '2024-10-29 21:55:51', '2024-10-29 21:55:51'),
(755, 50, 'San Francisco', 'TBD', 'TBD', NULL, '2024-10-29 21:55:51', '2024-10-29 21:55:51'),
(756, 50, 'San Jose', 'TBD', 'TBD', NULL, '2024-10-29 21:55:51', '2024-10-29 21:55:51'),
(757, 50, 'San Juan', 'TBD', 'TBD', NULL, '2024-10-29 21:55:51', '2024-10-29 21:55:51'),
(758, 50, 'San Teodoro', 'TBD', 'TBD', NULL, '2024-10-29 21:55:51', '2024-10-29 21:55:51'),
(759, 50, 'Santa Ana', 'TBD', 'TBD', NULL, '2024-10-29 21:55:51', '2024-10-29 21:55:51'),
(760, 50, 'Santa Mesa', 'TBD', 'TBD', NULL, '2024-10-29 21:55:51', '2024-10-29 21:55:51'),
(761, 50, 'Santo Niño', 'TBD', 'TBD', NULL, '2024-10-29 21:55:51', '2024-10-29 21:55:51'),
(762, 50, 'Santo Tomas', 'TBD', 'TBD', NULL, '2024-10-29 21:55:51', '2024-10-29 21:55:51'),
(763, 50, 'Solo', 'TBD', 'TBD', NULL, '2024-10-29 21:55:51', '2024-10-29 21:55:51'),
(764, 50, 'Talaga Proper', 'TBD', 'TBD', NULL, '2024-10-29 21:55:51', '2024-10-29 21:55:51'),
(765, 50, 'Talaga East', 'TBD', 'TBD', NULL, '2024-10-29 21:55:51', '2024-10-29 21:55:51'),
(766, 51, 'Bagong Pook', 'TBD', 'TBD', NULL, '2024-10-29 21:55:51', '2024-10-29 21:55:51'),
(767, 51, 'Bilucao', 'TBD', 'TBD', NULL, '2024-10-29 21:55:51', '2024-10-29 21:55:51'),
(768, 51, 'Bulihan', 'TBD', 'TBD', NULL, '2024-10-29 21:55:51', '2024-10-29 21:55:51'),
(769, 51, 'San Gregorio', 'TBD', 'TBD', NULL, '2024-10-29 21:55:51', '2024-10-29 21:55:51'),
(770, 51, 'Luta Del Norte', 'TBD', 'TBD', NULL, '2024-10-29 21:55:51', '2024-10-29 21:55:51'),
(771, 51, 'Luta Del Sur', 'TBD', 'TBD', NULL, '2024-10-29 21:55:51', '2024-10-29 21:55:51'),
(772, 51, 'Poblacion', 'TBD', 'TBD', NULL, '2024-10-29 21:55:51', '2024-10-29 21:55:51'),
(773, 51, 'San Andres', 'TBD', 'TBD', NULL, '2024-10-29 21:55:51', '2024-10-29 21:55:51'),
(774, 51, 'San Fernando', 'TBD', 'TBD', NULL, '2024-10-29 21:55:51', '2024-10-29 21:55:51'),
(775, 51, 'San Isidro East', 'TBD', 'TBD', NULL, '2024-10-29 21:55:51', '2024-10-29 21:55:51'),
(776, 51, 'San Juan', 'TBD', 'TBD', NULL, '2024-10-29 21:55:51', '2024-10-29 21:55:51'),
(777, 51, 'San Pedro II', 'TBD', 'TBD', NULL, '2024-10-29 21:55:51', '2024-10-29 21:55:51'),
(778, 51, 'San Pedro I', 'TBD', 'TBD', NULL, '2024-10-29 21:55:51', '2024-10-29 21:55:51'),
(779, 51, 'San Pioquinto', 'TBD', 'TBD', NULL, '2024-10-29 21:55:51', '2024-10-29 21:55:51'),
(780, 51, 'Santiago', 'TBD', 'TBD', NULL, '2024-10-29 21:55:51', '2024-10-29 21:55:51'),
(781, 52, 'District I', 'TBD', 'TBD', NULL, '2024-10-29 21:55:51', '2024-10-29 21:55:51'),
(782, 52, 'District II', 'TBD', 'TBD', NULL, '2024-10-29 21:55:51', '2024-10-29 21:55:51'),
(783, 52, 'District III', 'TBD', 'TBD', NULL, '2024-10-29 21:55:51', '2024-10-29 21:55:51'),
(784, 52, 'District IV', 'TBD', 'TBD', NULL, '2024-10-29 21:55:51', '2024-10-29 21:55:51'),
(785, 52, 'Bayorbor', 'TBD', 'TBD', NULL, '2024-10-29 21:55:51', '2024-10-29 21:55:51'),
(786, 52, 'Bubuyan', 'TBD', 'TBD', NULL, '2024-10-29 21:55:51', '2024-10-29 21:55:51'),
(787, 52, 'Calingatan', 'TBD', 'TBD', NULL, '2024-10-29 21:55:51', '2024-10-29 21:55:51'),
(788, 52, 'Kinalaglagan', 'TBD', 'TBD', NULL, '2024-10-29 21:55:51', '2024-10-29 21:55:51'),
(789, 52, 'Loob', 'TBD', 'TBD', NULL, '2024-10-29 21:55:51', '2024-10-29 21:55:51'),
(790, 52, 'Lumang Lipa', 'TBD', 'TBD', NULL, '2024-10-29 21:55:51', '2024-10-29 21:55:51'),
(791, 52, 'Manggahan', 'TBD', 'TBD', NULL, '2024-10-29 21:55:51', '2024-10-29 21:55:51'),
(792, 52, 'Nangkaan', 'TBD', 'TBD', NULL, '2024-10-29 21:55:51', '2024-10-29 21:55:51'),
(793, 52, 'San Sebastian', 'TBD', 'TBD', NULL, '2024-10-29 21:55:51', '2024-10-29 21:55:51'),
(794, 52, 'Santol', 'TBD', 'TBD', NULL, '2024-10-29 21:55:51', '2024-10-29 21:55:51'),
(795, 52, 'Upa', 'TBD', 'TBD', NULL, '2024-10-29 21:55:51', '2024-10-29 21:55:51'),
(796, 52, 'Barangay II-A', 'TBD', 'TBD', NULL, '2024-10-29 21:55:51', '2024-10-29 21:55:51'),
(797, 53, 'Aga', 'TBD', 'TBD', NULL, '2024-10-29 21:55:51', '2024-10-29 21:55:51'),
(798, 53, 'Balaytigui', 'TBD', 'TBD', NULL, '2024-10-29 21:55:51', '2024-10-29 21:55:51'),
(799, 53, 'Banilad', 'TBD', 'TBD', NULL, '2024-10-29 21:55:51', '2024-10-29 21:55:51'),
(800, 53, 'Barangay 10', 'TBD', 'TBD', NULL, '2024-10-29 21:55:51', '2024-10-29 21:55:51'),
(801, 53, 'Barangay 11', 'TBD', 'TBD', NULL, '2024-10-29 21:55:51', '2024-10-29 21:55:51'),
(802, 53, 'Barangay 12', 'TBD', 'TBD', NULL, '2024-10-29 21:55:51', '2024-10-29 21:55:51'),
(803, 53, 'Barangay 2', 'TBD', 'TBD', NULL, '2024-10-29 21:55:51', '2024-10-29 21:55:51'),
(804, 53, 'Barangay 3', 'TBD', 'TBD', NULL, '2024-10-29 21:55:51', '2024-10-29 21:55:51'),
(805, 53, 'Barangay 4', 'TBD', 'TBD', NULL, '2024-10-29 21:55:51', '2024-10-29 21:55:51'),
(806, 53, 'Barangay 5', 'TBD', 'TBD', NULL, '2024-10-29 21:55:51', '2024-10-29 21:55:51'),
(807, 53, 'Barangay 6', 'TBD', 'TBD', NULL, '2024-10-29 21:55:51', '2024-10-29 21:55:51'),
(808, 53, 'Barangay 7', 'TBD', 'TBD', NULL, '2024-10-29 21:55:51', '2024-10-29 21:55:51'),
(809, 53, 'Barangay 8', 'TBD', 'TBD', NULL, '2024-10-29 21:55:51', '2024-10-29 21:55:51'),
(810, 53, 'Barangay 9', 'TBD', 'TBD', NULL, '2024-10-29 21:55:51', '2024-10-29 21:55:51'),
(811, 53, 'Bilaran', 'TBD', 'TBD', NULL, '2024-10-29 21:55:51', '2024-10-29 21:55:51'),
(812, 53, 'Bucana', 'TBD', 'TBD', NULL, '2024-10-29 21:55:51', '2024-10-29 21:55:51'),
(813, 53, 'Bulihan', 'TBD', 'TBD', NULL, '2024-10-29 21:55:51', '2024-10-29 21:55:51'),
(814, 53, 'Bunducan', 'TBD', 'TBD', NULL, '2024-10-29 21:55:51', '2024-10-29 21:55:51'),
(815, 53, 'Butucan', 'TBD', 'TBD', NULL, '2024-10-29 21:55:51', '2024-10-29 21:55:51'),
(816, 53, 'Calayo', 'TBD', 'TBD', NULL, '2024-10-29 21:55:51', '2024-10-29 21:55:51'),
(817, 53, 'Catandaan', 'TBD', 'TBD', NULL, '2024-10-29 21:55:51', '2024-10-29 21:55:51'),
(818, 53, 'Kaylaway', 'TBD', 'TBD', NULL, '2024-10-29 21:55:51', '2024-10-29 21:55:51'),
(819, 53, 'Kayrilaw', 'TBD', 'TBD', NULL, '2024-10-29 21:55:51', '2024-10-29 21:55:51'),
(820, 53, 'Cogunan', 'TBD', 'TBD', NULL, '2024-10-29 21:55:51', '2024-10-29 21:55:51'),
(821, 53, 'Dayap', 'TBD', 'TBD', NULL, '2024-10-29 21:55:51', '2024-10-29 21:55:51'),
(822, 53, 'Latag', 'TBD', 'TBD', NULL, '2024-10-29 21:55:51', '2024-10-29 21:55:51'),
(823, 53, 'Looc', 'TBD', 'TBD', NULL, '2024-10-29 21:55:51', '2024-10-29 21:55:51'),
(824, 53, 'Lumbangan', 'TBD', 'TBD', NULL, '2024-10-29 21:55:51', '2024-10-29 21:55:51'),
(825, 53, 'Malapad Na Bato', 'TBD', 'TBD', NULL, '2024-10-29 21:55:51', '2024-10-29 21:55:51'),
(826, 53, 'Mataas Na Pulo', 'TBD', 'TBD', NULL, '2024-10-29 21:55:51', '2024-10-29 21:55:51'),
(827, 53, 'Maugat', 'TBD', 'TBD', NULL, '2024-10-29 21:55:51', '2024-10-29 21:55:51'),
(828, 53, 'Munting Indan', 'TBD', 'TBD', NULL, '2024-10-29 21:55:51', '2024-10-29 21:55:51'),
(829, 53, 'Natipuan', 'TBD', 'TBD', NULL, '2024-10-29 21:55:51', '2024-10-29 21:55:51'),
(830, 53, 'Pantalan', 'TBD', 'TBD', NULL, '2024-10-29 21:55:51', '2024-10-29 21:55:51'),
(831, 53, 'Papaya', 'TBD', 'TBD', NULL, '2024-10-29 21:55:51', '2024-10-29 21:55:51'),
(832, 53, 'Putat', 'TBD', 'TBD', NULL, '2024-10-29 21:55:51', '2024-10-29 21:55:51'),
(833, 53, 'Reparo', 'TBD', 'TBD', NULL, '2024-10-29 21:55:51', '2024-10-29 21:55:51'),
(834, 53, 'Talangan', 'TBD', 'TBD', NULL, '2024-10-29 21:55:51', '2024-10-29 21:55:51'),
(835, 53, 'Tumalim', 'TBD', 'TBD', NULL, '2024-10-29 21:55:51', '2024-10-29 21:55:51'),
(836, 53, 'Utod', 'TBD', 'TBD', NULL, '2024-10-29 21:55:51', '2024-10-29 21:55:51'),
(837, 53, 'Wawa', 'TBD', 'TBD', NULL, '2024-10-29 21:55:51', '2024-10-29 21:55:51'),
(838, 53, 'Barangay 1', 'TBD', 'TBD', NULL, '2024-10-29 21:55:51', '2024-10-29 21:55:51'),
(839, 54, 'Banaba', 'TBD', 'TBD', NULL, '2024-10-29 21:55:51', '2024-10-29 21:55:51'),
(840, 54, 'Banaybanay', 'TBD', 'TBD', NULL, '2024-10-29 21:55:51', '2024-10-29 21:55:51'),
(841, 54, 'Bawi', 'TBD', 'TBD', NULL, '2024-10-29 21:55:51', '2024-10-29 21:55:51'),
(842, 54, 'Bukal', 'TBD', 'TBD', NULL, '2024-10-29 21:55:51', '2024-10-29 21:55:51'),
(843, 54, 'Castillo', 'TBD', 'TBD', NULL, '2024-10-29 21:55:51', '2024-10-29 21:55:51'),
(844, 54, 'Cawongan', 'TBD', 'TBD', NULL, '2024-10-29 21:55:51', '2024-10-29 21:55:51'),
(845, 54, 'Manggas', 'TBD', 'TBD', NULL, '2024-10-29 21:55:51', '2024-10-29 21:55:51'),
(846, 54, 'Maugat East', 'TBD', 'TBD', NULL, '2024-10-29 21:55:51', '2024-10-29 21:55:51'),
(847, 54, 'Maugat West', 'TBD', 'TBD', NULL, '2024-10-29 21:55:51', '2024-10-29 21:55:51'),
(848, 54, 'Pansol', 'TBD', 'TBD', NULL, '2024-10-29 21:55:51', '2024-10-29 21:55:51'),
(849, 54, 'Payapa', 'TBD', 'TBD', NULL, '2024-10-29 21:55:51', '2024-10-29 21:55:51'),
(850, 54, 'Poblacion', 'TBD', 'TBD', NULL, '2024-10-29 21:55:51', '2024-10-29 21:55:51'),
(851, 54, 'Quilo-quilo North', 'TBD', 'TBD', NULL, '2024-10-29 21:55:51', '2024-10-29 21:55:51'),
(852, 54, 'Quilo-quilo South', 'TBD', 'TBD', NULL, '2024-10-29 21:55:51', '2024-10-29 21:55:51'),
(853, 54, 'San Felipe', 'TBD', 'TBD', NULL, '2024-10-29 21:55:51', '2024-10-29 21:55:51'),
(854, 54, 'San Miguel', 'TBD', 'TBD', NULL, '2024-10-29 21:55:51', '2024-10-29 21:55:51'),
(855, 54, 'Tamak', 'TBD', 'TBD', NULL, '2024-10-29 21:55:51', '2024-10-29 21:55:51'),
(856, 54, 'Tangob', 'TBD', 'TBD', NULL, '2024-10-29 21:55:51', '2024-10-29 21:55:51'),
(857, 55, 'Alupay', 'TBD', 'TBD', NULL, '2024-10-29 21:55:51', '2024-10-29 21:55:51'),
(858, 55, 'Antipolo', 'TBD', 'TBD', NULL, '2024-10-29 21:55:51', '2024-10-29 21:55:51'),
(859, 55, 'Bagong Pook', 'TBD', 'TBD', NULL, '2024-10-29 21:55:51', '2024-10-29 21:55:51'),
(860, 55, 'Balibago', 'TBD', 'TBD', NULL, '2024-10-29 21:55:51', '2024-10-29 21:55:51'),
(861, 55, 'Bayawang', 'TBD', 'TBD', NULL, '2024-10-29 21:55:51', '2024-10-29 21:55:51'),
(862, 55, 'Baybayin', 'TBD', 'TBD', NULL, '2024-10-29 21:55:51', '2024-10-29 21:55:51'),
(863, 55, 'Bulihan', 'TBD', 'TBD', NULL, '2024-10-29 21:55:51', '2024-10-29 21:55:51'),
(864, 55, 'Cahigam', 'TBD', 'TBD', NULL, '2024-10-29 21:55:51', '2024-10-29 21:55:51'),
(865, 55, 'Calantas', 'TBD', 'TBD', NULL, '2024-10-29 21:55:51', '2024-10-29 21:55:51'),
(866, 55, 'Colongan', 'TBD', 'TBD', NULL, '2024-10-29 21:55:51', '2024-10-29 21:55:51'),
(867, 55, 'Itlugan', 'TBD', 'TBD', NULL, '2024-10-29 21:55:51', '2024-10-29 21:55:51'),
(868, 55, 'Lumbangan', 'TBD', 'TBD', NULL, '2024-10-29 21:55:51', '2024-10-29 21:55:51'),
(869, 55, 'Maalas-As', 'TBD', 'TBD', NULL, '2024-10-29 21:55:51', '2024-10-29 21:55:51'),
(870, 55, 'Mabato', 'TBD', 'TBD', NULL, '2024-10-29 21:55:51', '2024-10-29 21:55:51'),
(871, 55, 'Mabunga', 'TBD', 'TBD', NULL, '2024-10-29 21:55:51', '2024-10-29 21:55:51'),
(872, 55, 'Macalamcam A', 'TBD', 'TBD', NULL, '2024-10-29 21:55:51', '2024-10-29 21:55:51'),
(873, 55, 'Macalamcam B', 'TBD', 'TBD', NULL, '2024-10-29 21:55:51', '2024-10-29 21:55:51'),
(874, 55, 'Malaya', 'TBD', 'TBD', NULL, '2024-10-29 21:55:51', '2024-10-29 21:55:51'),
(875, 55, 'Maligaya', 'TBD', 'TBD', NULL, '2024-10-29 21:55:51', '2024-10-29 21:55:51'),
(876, 55, 'Marilag', 'TBD', 'TBD', NULL, '2024-10-29 21:55:51', '2024-10-29 21:55:51'),
(877, 55, 'Masaya', 'TBD', 'TBD', NULL, '2024-10-29 21:55:51', '2024-10-29 21:55:51'),
(878, 55, 'Matamis', 'TBD', 'TBD', NULL, '2024-10-29 21:55:51', '2024-10-29 21:55:51'),
(879, 55, 'Mavalor', 'TBD', 'TBD', NULL, '2024-10-29 21:55:51', '2024-10-29 21:55:51'),
(880, 55, 'Mayuro', 'TBD', 'TBD', NULL, '2024-10-29 21:55:51', '2024-10-29 21:55:51'),
(881, 55, 'Namuco', 'TBD', 'TBD', NULL, '2024-10-29 21:55:51', '2024-10-29 21:55:51'),
(882, 55, 'Namunga', 'TBD', 'TBD', NULL, '2024-10-29 21:55:51', '2024-10-29 21:55:51'),
(883, 55, 'Natu', 'TBD', 'TBD', NULL, '2024-10-29 21:55:51', '2024-10-29 21:55:51'),
(884, 55, 'Nasi', 'TBD', 'TBD', NULL, '2024-10-29 21:55:51', '2024-10-29 21:55:51'),
(885, 55, 'Palakpak', 'TBD', 'TBD', NULL, '2024-10-29 21:55:51', '2024-10-29 21:55:51'),
(886, 55, 'Pinagsibaan', 'TBD', 'TBD', NULL, '2024-10-29 21:55:51', '2024-10-29 21:55:51'),
(887, 55, 'Barangay A', 'TBD', 'TBD', NULL, '2024-10-29 21:55:51', '2024-10-29 21:55:51'),
(888, 55, 'Barangay B', 'TBD', 'TBD', NULL, '2024-10-29 21:55:51', '2024-10-29 21:55:51'),
(889, 55, 'Barangay C', 'TBD', 'TBD', NULL, '2024-10-29 21:55:51', '2024-10-29 21:55:51'),
(890, 55, 'Barangay D', 'TBD', 'TBD', NULL, '2024-10-29 21:55:51', '2024-10-29 21:55:51'),
(891, 55, 'Barangay E', 'TBD', 'TBD', NULL, '2024-10-29 21:55:51', '2024-10-29 21:55:51'),
(892, 55, 'Putingkahoy', 'TBD', 'TBD', NULL, '2024-10-29 21:55:51', '2024-10-29 21:55:51'),
(893, 55, 'Quilib', 'TBD', 'TBD', NULL, '2024-10-29 21:55:51', '2024-10-29 21:55:51'),
(894, 55, 'Salao', 'TBD', 'TBD', NULL, '2024-10-29 21:55:51', '2024-10-29 21:55:51'),
(895, 55, 'San Carlos', 'TBD', 'TBD', NULL, '2024-10-29 21:55:51', '2024-10-29 21:55:51'),
(896, 55, 'San Ignacio', 'TBD', 'TBD', NULL, '2024-10-29 21:55:51', '2024-10-29 21:55:51'),
(897, 55, 'San Isidro', 'TBD', 'TBD', NULL, '2024-10-29 21:55:51', '2024-10-29 21:55:51'),
(898, 55, 'San Jose', 'TBD', 'TBD', NULL, '2024-10-29 21:55:51', '2024-10-29 21:55:51'),
(899, 55, 'San Roque', 'TBD', 'TBD', NULL, '2024-10-29 21:55:51', '2024-10-29 21:55:51'),
(900, 55, 'Santa Cruz', 'TBD', 'TBD', NULL, '2024-10-29 21:55:51', '2024-10-29 21:55:51'),
(901, 55, 'Timbugan', 'TBD', 'TBD', NULL, '2024-10-29 21:55:51', '2024-10-29 21:55:51'),
(902, 55, 'Tiquiwan', 'TBD', 'TBD', NULL, '2024-10-29 21:55:51', '2024-10-29 21:55:51'),
(903, 55, 'Leviste', 'TBD', 'TBD', NULL, '2024-10-29 21:55:51', '2024-10-29 21:55:51'),
(904, 55, 'Tulos', 'TBD', 'TBD', NULL, '2024-10-29 21:55:51', '2024-10-29 21:55:51'),
(905, 56, 'Aguila', 'TBD', 'TBD', NULL, '2024-10-29 21:55:51', '2024-10-29 21:55:51'),
(906, 56, 'Anus', 'TBD', 'TBD', NULL, '2024-10-29 21:55:51', '2024-10-29 21:55:51'),
(907, 56, 'Aya', 'TBD', 'TBD', NULL, '2024-10-29 21:55:51', '2024-10-29 21:55:51'),
(908, 56, 'Bagong Pook', 'TBD', 'TBD', NULL, '2024-10-29 21:55:51', '2024-10-29 21:55:51'),
(909, 56, 'Balagtasin', 'TBD', 'TBD', NULL, '2024-10-29 21:55:51', '2024-10-29 21:55:51'),
(910, 56, 'Balagtasin I', 'TBD', 'TBD', NULL, '2024-10-29 21:55:51', '2024-10-29 21:55:51'),
(911, 56, 'Banaybanay I', 'TBD', 'TBD', NULL, '2024-10-29 21:55:51', '2024-10-29 21:55:51'),
(912, 56, 'Banaybanay II', 'TBD', 'TBD', NULL, '2024-10-29 21:55:51', '2024-10-29 21:55:51'),
(913, 56, 'Bigain I', 'TBD', 'TBD', NULL, '2024-10-29 21:55:51', '2024-10-29 21:55:51'),
(914, 56, 'Bigain II', 'TBD', 'TBD', NULL, '2024-10-29 21:55:51', '2024-10-29 21:55:51'),
(915, 56, 'Calansayan', 'TBD', 'TBD', NULL, '2024-10-29 21:55:51', '2024-10-29 21:55:51'),
(916, 56, 'Dagatan', 'TBD', 'TBD', NULL, '2024-10-29 21:55:51', '2024-10-29 21:55:51'),
(917, 56, 'Don Luis', 'TBD', 'TBD', NULL, '2024-10-29 21:55:51', '2024-10-29 21:55:51'),
(918, 56, 'Galamay-Amo', 'TBD', 'TBD', NULL, '2024-10-29 21:55:51', '2024-10-29 21:55:51'),
(919, 56, 'Lalayat', 'TBD', 'TBD', NULL, '2024-10-29 21:55:51', '2024-10-29 21:55:51'),
(920, 56, 'Lapolapo I', 'TBD', 'TBD', NULL, '2024-10-29 21:55:51', '2024-10-29 21:55:51'),
(921, 56, 'Lapolapo II', 'TBD', 'TBD', NULL, '2024-10-29 21:55:51', '2024-10-29 21:55:51'),
(922, 56, 'Lepute', 'TBD', 'TBD', NULL, '2024-10-29 21:55:51', '2024-10-29 21:55:51'),
(923, 56, 'Lumil', 'TBD', 'TBD', NULL, '2024-10-29 21:55:51', '2024-10-29 21:55:51'),
(924, 56, 'Natunuan', 'TBD', 'TBD', NULL, '2024-10-29 21:55:51', '2024-10-29 21:55:51'),
(925, 56, 'Palanca', 'TBD', 'TBD', NULL, '2024-10-29 21:55:51', '2024-10-29 21:55:51'),
(926, 56, 'Pinagtung-Ulan', 'TBD', 'TBD', NULL, '2024-10-29 21:55:51', '2024-10-29 21:55:51'),
(927, 56, 'Poblacion Barangay I', 'TBD', 'TBD', NULL, '2024-10-29 21:55:51', '2024-10-29 21:55:51'),
(928, 56, 'Poblacion Barangay II', 'TBD', 'TBD', NULL, '2024-10-29 21:55:51', '2024-10-29 21:55:51'),
(929, 56, 'Poblacion Barangay III', 'TBD', 'TBD', NULL, '2024-10-29 21:55:51', '2024-10-29 21:55:51'),
(930, 56, 'Poblacion Barangay IV', 'TBD', 'TBD', NULL, '2024-10-29 21:55:51', '2024-10-29 21:55:51'),
(931, 56, 'Sabang', 'TBD', 'TBD', NULL, '2024-10-29 21:55:51', '2024-10-29 21:55:51'),
(932, 56, 'Salaban', 'TBD', 'TBD', NULL, '2024-10-29 21:55:51', '2024-10-29 21:55:51'),
(933, 56, 'Santo Cristo', 'TBD', 'TBD', NULL, '2024-10-29 21:55:51', '2024-10-29 21:55:51'),
(934, 56, 'Mojon-Tampoy', 'TBD', 'TBD', NULL, '2024-10-29 21:55:51', '2024-10-29 21:55:51'),
(935, 56, 'Taysan', 'TBD', 'TBD', NULL, '2024-10-29 21:55:51', '2024-10-29 21:55:51'),
(936, 56, 'Tugtug', 'TBD', 'TBD', NULL, '2024-10-29 21:55:51', '2024-10-29 21:55:51'),
(937, 56, 'Bigain South', 'TBD', 'TBD', NULL, '2024-10-29 21:55:51', '2024-10-29 21:55:51'),
(938, 57, 'Abung', 'TBD', 'TBD', NULL, '2024-10-29 21:55:51', '2024-10-29 21:55:51'),
(939, 57, 'Balagbag', 'TBD', 'TBD', NULL, '2024-10-29 21:55:51', '2024-10-29 21:55:51'),
(940, 57, 'Barualte', 'TBD', 'TBD', NULL, '2024-10-29 21:55:51', '2024-10-29 21:55:51'),
(941, 57, 'Bataan', 'TBD', 'TBD', NULL, '2024-10-29 21:55:51', '2024-10-29 21:55:51'),
(942, 57, 'Buhay Na Sapa', 'TBD', 'TBD', NULL, '2024-10-29 21:55:51', '2024-10-29 21:55:51'),
(943, 57, 'Bulsa', 'TBD', 'TBD', NULL, '2024-10-29 21:55:51', '2024-10-29 21:55:51'),
(944, 57, 'Calicanto', 'TBD', 'TBD', NULL, '2024-10-29 21:55:51', '2024-10-29 21:55:51'),
(945, 57, 'Calitcalit', 'TBD', 'TBD', NULL, '2024-10-29 21:55:51', '2024-10-29 21:55:51'),
(946, 57, 'Calubcub I', 'TBD', 'TBD', NULL, '2024-10-29 21:55:51', '2024-10-29 21:55:51'),
(947, 57, 'Calubcub II', 'TBD', 'TBD', NULL, '2024-10-29 21:55:51', '2024-10-29 21:55:51'),
(948, 57, 'Catmon', 'TBD', 'TBD', NULL, '2024-10-29 21:55:51', '2024-10-29 21:55:51'),
(949, 57, 'Coloconto', 'TBD', 'TBD', NULL, '2024-10-29 21:55:51', '2024-10-29 21:55:51'),
(950, 57, 'Escribano', 'TBD', 'TBD', NULL, '2024-10-29 21:55:51', '2024-10-29 21:55:51'),
(951, 57, 'Hugom', 'TBD', 'TBD', NULL, '2024-10-29 21:55:51', '2024-10-29 21:55:51'),
(952, 57, 'Imelda', 'TBD', 'TBD', NULL, '2024-10-29 21:55:51', '2024-10-29 21:55:51'),
(953, 57, 'Janaojanao', 'TBD', 'TBD', NULL, '2024-10-29 21:55:51', '2024-10-29 21:55:51'),
(954, 57, 'Laiya-Ibabao', 'TBD', 'TBD', NULL, '2024-10-29 21:55:51', '2024-10-29 21:55:51'),
(955, 57, 'Laiya-Aplaya', 'TBD', 'TBD', NULL, '2024-10-29 21:55:51', '2024-10-29 21:55:51'),
(956, 57, 'Libato', 'TBD', 'TBD', NULL, '2024-10-29 21:55:51', '2024-10-29 21:55:51'),
(957, 57, 'Lipahan', 'TBD', 'TBD', NULL, '2024-10-29 21:55:51', '2024-10-29 21:55:51'),
(958, 57, 'Mabalanoy', 'TBD', 'TBD', NULL, '2024-10-29 21:55:51', '2024-10-29 21:55:51'),
(959, 57, 'Nagsaulay', 'TBD', 'TBD', NULL, '2024-10-29 21:55:51', '2024-10-29 21:55:51'),
(960, 57, 'Maraykit', 'TBD', 'TBD', NULL, '2024-10-29 21:55:51', '2024-10-29 21:55:51'),
(961, 57, 'Muzon', 'TBD', 'TBD', NULL, '2024-10-29 21:55:51', '2024-10-29 21:55:51'),
(962, 57, 'Palahanan I', 'TBD', 'TBD', NULL, '2024-10-29 21:55:51', '2024-10-29 21:55:51'),
(963, 57, 'Palahanan II', 'TBD', 'TBD', NULL, '2024-10-29 21:55:51', '2024-10-29 21:55:51'),
(964, 57, 'Palingowak', 'TBD', 'TBD', NULL, '2024-10-29 21:55:51', '2024-10-29 21:55:51'),
(965, 57, 'Pinagbayanan', 'TBD', 'TBD', NULL, '2024-10-29 21:55:51', '2024-10-29 21:55:51'),
(966, 57, 'Poblacion', 'TBD', 'TBD', NULL, '2024-10-29 21:55:51', '2024-10-29 21:55:51'),
(967, 57, 'Poctol', 'TBD', 'TBD', NULL, '2024-10-29 21:55:51', '2024-10-29 21:55:51'),
(968, 57, 'Pulangbato', 'TBD', 'TBD', NULL, '2024-10-29 21:55:51', '2024-10-29 21:55:51'),
(969, 57, 'Putingbuhangin', 'TBD', 'TBD', NULL, '2024-10-29 21:55:51', '2024-10-29 21:55:51'),
(970, 57, 'Quipot', 'TBD', 'TBD', NULL, '2024-10-29 21:55:51', '2024-10-29 21:55:51'),
(971, 57, 'Sampiro', 'TBD', 'TBD', NULL, '2024-10-29 21:55:51', '2024-10-29 21:55:51'),
(972, 57, 'Sapangan', 'TBD', 'TBD', NULL, '2024-10-29 21:55:51', '2024-10-29 21:55:51'),
(973, 57, 'Sico I', 'TBD', 'TBD', NULL, '2024-10-29 21:55:51', '2024-10-29 21:55:51'),
(974, 57, 'Sico II', 'TBD', 'TBD', NULL, '2024-10-29 21:55:51', '2024-10-29 21:55:51'),
(975, 57, 'Subukin', 'TBD', 'TBD', NULL, '2024-10-29 21:55:51', '2024-10-29 21:55:51'),
(976, 57, 'Talahiban I', 'TBD', 'TBD', NULL, '2024-10-29 21:55:51', '2024-10-29 21:55:51'),
(977, 57, 'Talahiban II', 'TBD', 'TBD', NULL, '2024-10-29 21:55:51', '2024-10-29 21:55:51'),
(978, 57, 'Ticalan', 'TBD', 'TBD', NULL, '2024-10-29 21:55:51', '2024-10-29 21:55:51'),
(979, 57, 'Tipaz', 'TBD', 'TBD', NULL, '2024-10-29 21:55:51', '2024-10-29 21:55:51'),
(980, 58, 'Abiacao', 'TBD', 'TBD', NULL, '2024-10-29 21:55:51', '2024-10-29 21:55:51'),
(981, 58, 'Bagong Tubig', 'TBD', 'TBD', NULL, '2024-10-29 21:55:51', '2024-10-29 21:55:51'),
(982, 58, 'Balagtasin', 'TBD', 'TBD', NULL, '2024-10-29 21:55:51', '2024-10-29 21:55:51'),
(983, 58, 'Balite', 'TBD', 'TBD', NULL, '2024-10-29 21:55:51', '2024-10-29 21:55:51'),
(984, 58, 'Banoyo', 'TBD', 'TBD', NULL, '2024-10-29 21:55:51', '2024-10-29 21:55:51'),
(985, 58, 'Boboy', 'TBD', 'TBD', NULL, '2024-10-29 21:55:51', '2024-10-29 21:55:51'),
(986, 58, 'Bonliw', 'TBD', 'TBD', NULL, '2024-10-29 21:55:51', '2024-10-29 21:55:51'),
(987, 58, 'Calumpang West', 'TBD', 'TBD', NULL, '2024-10-29 21:55:51', '2024-10-29 21:55:51'),
(988, 58, 'Calumpang East', 'TBD', 'TBD', NULL, '2024-10-29 21:55:51', '2024-10-29 21:55:51'),
(989, 58, 'Dulangan', 'TBD', 'TBD', NULL, '2024-10-29 21:55:51', '2024-10-29 21:55:51'),
(990, 58, 'Durungao', 'TBD', 'TBD', NULL, '2024-10-29 21:55:51', '2024-10-29 21:55:51'),
(991, 58, 'Locloc', 'TBD', 'TBD', NULL, '2024-10-29 21:55:51', '2024-10-29 21:55:51'),
(992, 58, 'Luya', 'TBD', 'TBD', NULL, '2024-10-29 21:55:51', '2024-10-29 21:55:51'),
(993, 58, 'Mahabang Parang', 'TBD', 'TBD', NULL, '2024-10-29 21:55:51', '2024-10-29 21:55:51'),
(994, 58, 'Manggahan', 'TBD', 'TBD', NULL, '2024-10-29 21:55:51', '2024-10-29 21:55:51'),
(995, 58, 'Muzon', 'TBD', 'TBD', NULL, '2024-10-29 21:55:51', '2024-10-29 21:55:51'),
(996, 58, 'San Antonio', 'TBD', 'TBD', NULL, '2024-10-29 21:55:51', '2024-10-29 21:55:51'),
(997, 58, 'San Isidro', 'TBD', 'TBD', NULL, '2024-10-29 21:55:51', '2024-10-29 21:55:51'),
(998, 58, 'San Jose', 'TBD', 'TBD', NULL, '2024-10-29 21:55:51', '2024-10-29 21:55:51'),
(999, 58, 'San Martin', 'TBD', 'TBD', NULL, '2024-10-29 21:55:51', '2024-10-29 21:55:51'),
(1000, 58, 'Santa Monica', 'TBD', 'TBD', NULL, '2024-10-29 21:55:51', '2024-10-29 21:55:51'),
(1001, 58, 'Taliba', 'TBD', 'TBD', NULL, '2024-10-29 21:55:51', '2024-10-29 21:55:51'),
(1002, 58, 'Talon', 'TBD', 'TBD', NULL, '2024-10-29 21:55:51', '2024-10-29 21:55:51'),
(1003, 58, 'Tejero', 'TBD', 'TBD', NULL, '2024-10-29 21:55:51', '2024-10-29 21:55:51'),
(1004, 58, 'Tungal', 'TBD', 'TBD', NULL, '2024-10-29 21:55:51', '2024-10-29 21:55:51'),
(1005, 58, 'Poblacion', 'TBD', 'TBD', NULL, '2024-10-29 21:55:51', '2024-10-29 21:55:51'),
(1006, 59, 'Abelo', 'TBD', 'TBD', NULL, '2024-10-29 21:55:51', '2024-10-29 21:55:51'),
(1007, 59, 'Balete', 'TBD', 'TBD', NULL, '2024-10-29 21:55:51', '2024-10-29 21:55:51'),
(1008, 59, 'Baluk-baluk', 'TBD', 'TBD', NULL, '2024-10-29 21:55:51', '2024-10-29 21:55:51'),
(1009, 59, 'Bancoro', 'TBD', 'TBD', NULL, '2024-10-29 21:55:51', '2024-10-29 21:55:51'),
(1010, 59, 'Bangin', 'TBD', 'TBD', NULL, '2024-10-29 21:55:51', '2024-10-29 21:55:51'),
(1011, 59, 'Calangay', 'TBD', 'TBD', NULL, '2024-10-29 21:55:51', '2024-10-29 21:55:51'),
(1012, 59, 'Hipit', 'TBD', 'TBD', NULL, '2024-10-29 21:55:51', '2024-10-29 21:55:51'),
(1013, 59, 'Maabud North', 'TBD', 'TBD', NULL, '2024-10-29 21:55:51', '2024-10-29 21:55:51'),
(1014, 59, 'Maabud South', 'TBD', 'TBD', NULL, '2024-10-29 21:55:51', '2024-10-29 21:55:51'),
(1015, 59, 'Munlawin', 'TBD', 'TBD', NULL, '2024-10-29 21:55:51', '2024-10-29 21:55:51'),
(1016, 59, 'Pansipit', 'TBD', 'TBD', NULL, '2024-10-29 21:55:51', '2024-10-29 21:55:51'),
(1017, 59, 'Poblacion', 'TBD', 'TBD', NULL, '2024-10-29 21:55:51', '2024-10-29 21:55:51'),
(1018, 59, 'Santo Niño', 'TBD', 'TBD', NULL, '2024-10-29 21:55:51', '2024-10-29 21:55:51'),
(1019, 59, 'Sinturisan', 'TBD', 'TBD', NULL, '2024-10-29 21:55:51', '2024-10-29 21:55:51'),
(1020, 59, 'Tagudtod', 'TBD', 'TBD', NULL, '2024-10-29 21:55:51', '2024-10-29 21:55:51'),
(1021, 59, 'Talang', 'TBD', 'TBD', NULL, '2024-10-29 21:55:51', '2024-10-29 21:55:51'),
(1022, 59, 'Alas-as', 'TBD', 'TBD', NULL, '2024-10-29 21:55:51', '2024-10-29 21:55:51'),
(1023, 59, 'Pulang-Bato', 'TBD', 'TBD', NULL, '2024-10-29 21:55:51', '2024-10-29 21:55:51'),
(1024, 60, 'Alalum', 'TBD', 'TBD', NULL, '2024-10-29 21:55:51', '2024-10-29 21:55:51'),
(1025, 60, 'Antipolo', 'TBD', 'TBD', NULL, '2024-10-29 21:55:51', '2024-10-29 21:55:51'),
(1026, 60, 'Balimbing', 'TBD', 'TBD', NULL, '2024-10-29 21:55:51', '2024-10-29 21:55:51'),
(1027, 60, 'Banaba', 'TBD', 'TBD', NULL, '2024-10-29 21:55:51', '2024-10-29 21:55:51'),
(1028, 60, 'Bayanan', 'TBD', 'TBD', NULL, '2024-10-29 21:55:51', '2024-10-29 21:55:51'),
(1029, 60, 'Danglayan', 'TBD', 'TBD', NULL, '2024-10-29 21:55:51', '2024-10-29 21:55:51'),
(1030, 60, 'Del Pilar', 'TBD', 'TBD', NULL, '2024-10-29 21:55:51', '2024-10-29 21:55:51'),
(1031, 60, 'Gelerang Kawayan', 'TBD', 'TBD', NULL, '2024-10-29 21:55:51', '2024-10-29 21:55:51'),
(1032, 60, 'Ilat North', 'TBD', 'TBD', NULL, '2024-10-29 21:55:51', '2024-10-29 21:55:51'),
(1033, 60, 'Ilat South', 'TBD', 'TBD', NULL, '2024-10-29 21:55:51', '2024-10-29 21:55:51'),
(1034, 60, 'Kaingin', 'TBD', 'TBD', NULL, '2024-10-29 21:55:51', '2024-10-29 21:55:51'),
(1035, 60, 'Laurel', 'TBD', 'TBD', NULL, '2024-10-29 21:55:51', '2024-10-29 21:55:51'),
(1036, 60, 'Malaking Pook', 'TBD', 'TBD', NULL, '2024-10-29 21:55:51', '2024-10-29 21:55:51'),
(1037, 60, 'Mataas Na Lupa', 'TBD', 'TBD', NULL, '2024-10-29 21:55:51', '2024-10-29 21:55:51'),
(1038, 60, 'Natunuan North', 'TBD', 'TBD', NULL, '2024-10-29 21:55:51', '2024-10-29 21:55:51'),
(1039, 60, 'Natunuan South', 'TBD', 'TBD', NULL, '2024-10-29 21:55:51', '2024-10-29 21:55:51'),
(1040, 60, 'Padre Castillo', 'TBD', 'TBD', NULL, '2024-10-29 21:55:51', '2024-10-29 21:55:51'),
(1041, 60, 'Palsahingin', 'TBD', 'TBD', NULL, '2024-10-29 21:55:51', '2024-10-29 21:55:51'),
(1042, 60, 'Pila', 'TBD', 'TBD', NULL, '2024-10-29 21:55:51', '2024-10-29 21:55:51'),
(1043, 60, 'Poblacion', 'TBD', 'TBD', NULL, '2024-10-29 21:55:51', '2024-10-29 21:55:51'),
(1044, 60, 'Pook Ni Banal', 'TBD', 'TBD', NULL, '2024-10-29 21:55:51', '2024-10-29 21:55:51'),
(1045, 60, 'Pook Ni Kapitan', 'TBD', 'TBD', NULL, '2024-10-29 21:55:51', '2024-10-29 21:55:51'),
(1046, 60, 'Resplandor', 'TBD', 'TBD', NULL, '2024-10-29 21:55:51', '2024-10-29 21:55:51'),
(1047, 60, 'Sambat', 'TBD', 'TBD', NULL, '2024-10-29 21:55:51', '2024-10-29 21:55:51'),
(1048, 60, 'San Antonio', 'TBD', 'TBD', NULL, '2024-10-29 21:55:51', '2024-10-29 21:55:51'),
(1049, 60, 'San Mariano', 'TBD', 'TBD', NULL, '2024-10-29 21:55:51', '2024-10-29 21:55:51'),
(1050, 60, 'San Mateo', 'TBD', 'TBD', NULL, '2024-10-29 21:55:51', '2024-10-29 21:55:51'),
(1051, 60, 'Santa Elena', 'TBD', 'TBD', NULL, '2024-10-29 21:55:51', '2024-10-29 21:55:51'),
(1052, 60, 'Santo Niño', 'TBD', 'TBD', NULL, '2024-10-29 21:55:51', '2024-10-29 21:55:51'),
(1053, 61, 'Antipolo', 'TBD', 'TBD', NULL, '2024-10-29 21:55:51', '2024-10-29 21:55:51'),
(1054, 61, 'Bihis', 'TBD', 'TBD', NULL, '2024-10-29 21:55:51', '2024-10-29 21:55:51'),
(1055, 61, 'Burol', 'TBD', 'TBD', NULL, '2024-10-29 21:55:51', '2024-10-29 21:55:51'),
(1056, 61, 'Calayaan', 'TBD', 'TBD', NULL, '2024-10-29 21:55:51', '2024-10-29 21:55:51'),
(1057, 61, 'Calumala', 'TBD', 'TBD', NULL, '2024-10-29 21:55:51', '2024-10-29 21:55:51'),
(1058, 61, 'Cuta East', 'TBD', 'TBD', NULL, '2024-10-29 21:55:51', '2024-10-29 21:55:51'),
(1059, 61, 'Cutang Cawayan', 'TBD', 'TBD', NULL, '2024-10-29 21:55:51', '2024-10-29 21:55:51'),
(1060, 61, 'Irukan', 'TBD', 'TBD', NULL, '2024-10-29 21:55:51', '2024-10-29 21:55:51'),
(1061, 61, 'Pacifico', 'TBD', 'TBD', NULL, '2024-10-29 21:55:51', '2024-10-29 21:55:51'),
(1062, 61, 'Poblacion I', 'TBD', 'TBD', NULL, '2024-10-29 21:55:51', '2024-10-29 21:55:51'),
(1063, 61, 'Saimsim', 'TBD', 'TBD', NULL, '2024-10-29 21:55:51', '2024-10-29 21:55:51'),
(1064, 61, 'Sampa', 'TBD', 'TBD', NULL, '2024-10-29 21:55:51', '2024-10-29 21:55:51'),
(1065, 61, 'Sinipian', 'TBD', 'TBD', NULL, '2024-10-29 21:55:51', '2024-10-29 21:55:51'),
(1066, 61, 'Tambo Ibaba', 'TBD', 'TBD', NULL, '2024-10-29 21:55:51', '2024-10-29 21:55:51'),
(1067, 61, 'Tambo Ilaya', 'TBD', 'TBD', NULL, '2024-10-29 21:55:51', '2024-10-29 21:55:51'),
(1068, 61, 'Poblacion II', 'TBD', 'TBD', NULL, '2024-10-29 21:55:51', '2024-10-29 21:55:51'),
(1069, 61, 'Poblacion III', 'TBD', 'TBD', NULL, '2024-10-29 21:55:51', '2024-10-29 21:55:51'),
(1070, 62, 'Barangay I', 'TBD', 'TBD', NULL, '2024-10-29 21:55:51', '2024-10-29 21:55:51'),
(1071, 62, 'Barangay II', 'TBD', 'TBD', NULL, '2024-10-29 21:55:51', '2024-10-29 21:55:51'),
(1072, 62, 'Barangay III', 'TBD', 'TBD', NULL, '2024-10-29 21:55:51', '2024-10-29 21:55:51'),
(1073, 62, 'Barangay IV', 'TBD', 'TBD', NULL, '2024-10-29 21:55:51', '2024-10-29 21:55:51'),
(1074, 62, 'San Agustin', 'TBD', 'TBD', NULL, '2024-10-29 21:55:51', '2024-10-29 21:55:51'),
(1075, 62, 'San Antonio', 'TBD', 'TBD', NULL, '2024-10-29 21:55:51', '2024-10-29 21:55:51'),
(1076, 62, 'San Bartolome', 'TBD', 'TBD', NULL, '2024-10-29 21:55:51', '2024-10-29 21:55:51'),
(1077, 62, 'San Felix', 'TBD', 'TBD', NULL, '2024-10-29 21:55:51', '2024-10-29 21:55:51'),
(1078, 62, 'San Fernando', 'TBD', 'TBD', NULL, '2024-10-29 21:55:51', '2024-10-29 21:55:51'),
(1079, 62, 'San Francisco', 'TBD', 'TBD', NULL, '2024-10-29 21:55:51', '2024-10-29 21:55:51'),
(1080, 62, 'San Isidro Norte', 'TBD', 'TBD', NULL, '2024-10-29 21:55:51', '2024-10-29 21:55:51'),
(1081, 62, 'San Isidro Sur', 'TBD', 'TBD', NULL, '2024-10-29 21:55:51', '2024-10-29 21:55:51'),
(1082, 62, 'San Joaquin', 'TBD', 'TBD', NULL, '2024-10-29 21:55:51', '2024-10-29 21:55:51'),
(1083, 62, 'San Jose', 'TBD', 'TBD', NULL, '2024-10-29 21:55:51', '2024-10-29 21:55:51'),
(1084, 62, 'San Juan', 'TBD', 'TBD', NULL, '2024-10-29 21:55:51', '2024-10-29 21:55:51'),
(1085, 62, 'San Luis', 'TBD', 'TBD', NULL, '2024-10-29 21:55:51', '2024-10-29 21:55:51'),
(1086, 62, 'San Miguel', 'TBD', 'TBD', NULL, '2024-10-29 21:55:51', '2024-10-29 21:55:51'),
(1087, 62, 'San Pablo', 'TBD', 'TBD', NULL, '2024-10-29 21:55:51', '2024-10-29 21:55:51'),
(1088, 62, 'San Pedro', 'TBD', 'TBD', NULL, '2024-10-29 21:55:51', '2024-10-29 21:55:51'),
(1089, 62, 'San Rafael', 'TBD', 'TBD', NULL, '2024-10-29 21:55:51', '2024-10-29 21:55:51'),
(1090, 62, 'San Roque', 'TBD', 'TBD', NULL, '2024-10-29 21:55:51', '2024-10-29 21:55:51'),
(1091, 62, 'San Vicente', 'TBD', 'TBD', NULL, '2024-10-29 21:55:51', '2024-10-29 21:55:51'),
(1092, 62, 'Santa Ana', 'TBD', 'TBD', NULL, '2024-10-29 21:55:51', '2024-10-29 21:55:51'),
(1093, 62, 'Santa Anastacia', 'TBD', 'TBD', NULL, '2024-10-29 21:55:51', '2024-10-29 21:55:51'),
(1094, 62, 'Santa Clara', 'TBD', 'TBD', NULL, '2024-10-29 21:55:51', '2024-10-29 21:55:51'),
(1095, 62, 'Santa Cruz', 'TBD', 'TBD', NULL, '2024-10-29 21:55:51', '2024-10-29 21:55:51'),
(1096, 62, 'Santa Elena', 'TBD', 'TBD', NULL, '2024-10-29 21:55:51', '2024-10-29 21:55:51'),
(1097, 62, 'Santa Maria', 'TBD', 'TBD', NULL, '2024-10-29 21:55:51', '2024-10-29 21:55:51'),
(1098, 62, 'Santiago', 'TBD', 'TBD', NULL, '2024-10-29 21:55:51', '2024-10-29 21:55:51'),
(1099, 62, 'Santa Teresita', 'TBD', 'TBD', NULL, '2024-10-29 21:55:51', '2024-10-29 21:55:51'),
(1100, 63, 'Apacay', 'TBD', 'TBD', NULL, '2024-10-29 21:55:51', '2024-10-29 21:55:51'),
(1101, 63, 'Balisong', 'TBD', 'TBD', NULL, '2024-10-29 21:55:51', '2024-10-29 21:55:51'),
(1102, 63, 'Bihis', 'TBD', 'TBD', NULL, '2024-10-29 21:55:51', '2024-10-29 21:55:51'),
(1103, 63, 'Bolbok', 'TBD', 'TBD', NULL, '2024-10-29 21:55:51', '2024-10-29 21:55:51'),
(1104, 63, 'Buli', 'TBD', 'TBD', NULL, '2024-10-29 21:55:51', '2024-10-29 21:55:51'),
(1105, 63, 'Butong', 'TBD', 'TBD', NULL, '2024-10-29 21:55:51', '2024-10-29 21:55:51'),
(1106, 63, 'Carasuche', 'TBD', 'TBD', NULL, '2024-10-29 21:55:51', '2024-10-29 21:55:51'),
(1107, 63, 'Cawit', 'TBD', 'TBD', NULL, '2024-10-29 21:55:51', '2024-10-29 21:55:51'),
(1108, 63, 'Caysasay', 'TBD', 'TBD', NULL, '2024-10-29 21:55:51', '2024-10-29 21:55:51'),
(1109, 63, 'Cubamba', 'TBD', 'TBD', NULL, '2024-10-29 21:55:51', '2024-10-29 21:55:51'),
(1110, 63, 'Cultihan', 'TBD', 'TBD', NULL, '2024-10-29 21:55:51', '2024-10-29 21:55:51'),
(1111, 63, 'Gahol', 'TBD', 'TBD', NULL, '2024-10-29 21:55:51', '2024-10-29 21:55:51'),
(1112, 63, 'Halang', 'TBD', 'TBD', NULL, '2024-10-29 21:55:51', '2024-10-29 21:55:51'),
(1113, 63, 'Iba', 'TBD', 'TBD', NULL, '2024-10-29 21:55:51', '2024-10-29 21:55:51'),
(1114, 63, 'Ilog', 'TBD', 'TBD', NULL, '2024-10-29 21:55:51', '2024-10-29 21:55:51'),
(1115, 63, 'Imamawo', 'TBD', 'TBD', NULL, '2024-10-29 21:55:51', '2024-10-29 21:55:51'),
(1116, 63, 'Ipil', 'TBD', 'TBD', NULL, '2024-10-29 21:55:51', '2024-10-29 21:55:51'),
(1117, 63, 'Luntal', 'TBD', 'TBD', NULL, '2024-10-29 21:55:51', '2024-10-29 21:55:51'),
(1118, 63, 'Mahabang Lodlod', 'TBD', 'TBD', NULL, '2024-10-29 21:55:51', '2024-10-29 21:55:51'),
(1119, 63, 'Niogan', 'TBD', 'TBD', NULL, '2024-10-29 21:55:51', '2024-10-29 21:55:51'),
(1120, 63, 'Pansol', 'TBD', 'TBD', NULL, '2024-10-29 21:55:51', '2024-10-29 21:55:51'),
(1121, 63, 'Poblacion 11', 'TBD', 'TBD', NULL, '2024-10-29 21:55:51', '2024-10-29 21:55:51'),
(1122, 63, 'Poblacion 1', 'TBD', 'TBD', NULL, '2024-10-29 21:55:51', '2024-10-29 21:55:51'),
(1123, 63, 'Poblacion 10', 'TBD', 'TBD', NULL, '2024-10-29 21:55:51', '2024-10-29 21:55:51'),
(1124, 63, 'Poblacion 12', 'TBD', 'TBD', NULL, '2024-10-29 21:55:51', '2024-10-29 21:55:51'),
(1125, 63, 'Poblacion 2', 'TBD', 'TBD', NULL, '2024-10-29 21:55:51', '2024-10-29 21:55:51'),
(1126, 63, 'Poblacion 3', 'TBD', 'TBD', NULL, '2024-10-29 21:55:51', '2024-10-29 21:55:51'),
(1127, 63, 'Poblacion 4', 'TBD', 'TBD', NULL, '2024-10-29 21:55:51', '2024-10-29 21:55:51'),
(1128, 63, 'Poblacion 5', 'TBD', 'TBD', NULL, '2024-10-29 21:55:51', '2024-10-29 21:55:51'),
(1129, 63, 'Poblacion 6', 'TBD', 'TBD', NULL, '2024-10-29 21:55:51', '2024-10-29 21:55:51'),
(1130, 63, 'Poblacion 7', 'TBD', 'TBD', NULL, '2024-10-29 21:55:51', '2024-10-29 21:55:51'),
(1131, 63, 'Poblacion 8', 'TBD', 'TBD', NULL, '2024-10-29 21:55:51', '2024-10-29 21:55:51'),
(1132, 63, 'Poblacion 9', 'TBD', 'TBD', NULL, '2024-10-29 21:55:51', '2024-10-29 21:55:51'),
(1133, 63, 'Pook', 'TBD', 'TBD', NULL, '2024-10-29 21:55:51', '2024-10-29 21:55:51'),
(1134, 63, 'Seiran', 'TBD', 'TBD', NULL, '2024-10-29 21:55:51', '2024-10-29 21:55:51'),
(1135, 63, 'Laguile', 'TBD', 'TBD', NULL, '2024-10-29 21:55:51', '2024-10-29 21:55:51'),
(1136, 63, 'Latag', 'TBD', 'TBD', NULL, '2024-10-29 21:55:51', '2024-10-29 21:55:51'),
(1137, 63, 'Tierra Alta', 'TBD', 'TBD', NULL, '2024-10-29 21:55:51', '2024-10-29 21:55:51'),
(1138, 63, 'Tulo', 'TBD', 'TBD', NULL, '2024-10-29 21:55:51', '2024-10-29 21:55:51'),
(1139, 63, 'Tatlong Maria', 'TBD', 'TBD', NULL, '2024-10-29 21:55:51', '2024-10-29 21:55:51'),
(1140, 63, 'Poblacion 13', 'TBD', 'TBD', NULL, '2024-10-29 21:55:51', '2024-10-29 21:55:51'),
(1141, 63, 'Poblacion 14', 'TBD', 'TBD', NULL, '2024-10-29 21:55:51', '2024-10-29 21:55:51'),
(1142, 64, 'Aya', 'TBD', 'TBD', NULL, '2024-10-29 21:55:51', '2024-10-29 21:55:51'),
(1143, 64, 'Balas', 'TBD', 'TBD', NULL, '2024-10-29 21:55:51', '2024-10-29 21:55:51'),
(1144, 64, 'Banga', 'TBD', 'TBD', NULL, '2024-10-29 21:55:51', '2024-10-29 21:55:51'),
(1145, 64, 'Buco', 'TBD', 'TBD', NULL, '2024-10-29 21:55:51', '2024-10-29 21:55:51'),
(1146, 64, 'Caloocan', 'TBD', 'TBD', NULL, '2024-10-29 21:55:51', '2024-10-29 21:55:51'),
(1147, 64, 'Leynes', 'TBD', 'TBD', NULL, '2024-10-29 21:55:51', '2024-10-29 21:55:51'),
(1148, 64, 'Miranda', 'TBD', 'TBD', NULL, '2024-10-29 21:55:51', '2024-10-29 21:55:51'),
(1149, 64, 'Poblacion Barangay 1', 'TBD', 'TBD', NULL, '2024-10-29 21:55:51', '2024-10-29 21:55:51'),
(1150, 64, 'Poblacion Barangay 2', 'TBD', 'TBD', NULL, '2024-10-29 21:55:51', '2024-10-29 21:55:51'),
(1151, 64, 'Poblacion Barangay 3', 'TBD', 'TBD', NULL, '2024-10-29 21:55:51', '2024-10-29 21:55:51'),
(1152, 64, 'Poblacion Barangay 4', 'TBD', 'TBD', NULL, '2024-10-29 21:55:51', '2024-10-29 21:55:51'),
(1153, 64, 'Poblacion Barangay 5', 'TBD', 'TBD', NULL, '2024-10-29 21:55:51', '2024-10-29 21:55:51'),
(1154, 64, 'Poblacion Barangay 6', 'TBD', 'TBD', NULL, '2024-10-29 21:55:51', '2024-10-29 21:55:51'),
(1155, 64, 'Poblacion Barangay 7', 'TBD', 'TBD', NULL, '2024-10-29 21:55:51', '2024-10-29 21:55:51'),
(1156, 64, 'Poblacion Barangay 8', 'TBD', 'TBD', NULL, '2024-10-29 21:55:51', '2024-10-29 21:55:51'),
(1157, 64, 'Quiling', 'TBD', 'TBD', NULL, '2024-10-29 21:55:51', '2024-10-29 21:55:51'),
(1158, 64, 'Sampaloc', 'TBD', 'TBD', NULL, '2024-10-29 21:55:51', '2024-10-29 21:55:51'),
(1159, 64, 'San Guillermo', 'TBD', 'TBD', NULL, '2024-10-29 21:55:51', '2024-10-29 21:55:51'),
(1160, 64, 'Santa Maria', 'TBD', 'TBD', NULL, '2024-10-29 21:55:51', '2024-10-29 21:55:51'),
(1161, 64, 'Tranca', 'TBD', 'TBD', NULL, '2024-10-29 21:55:51', '2024-10-29 21:55:51'),
(1162, 64, 'Tumaway', 'TBD', 'TBD', NULL, '2024-10-29 21:55:51', '2024-10-29 21:55:51'),
(1163, 65, 'Altura Bata', 'TBD', 'TBD', NULL, '2024-10-29 21:55:51', '2024-10-29 21:55:51'),
(1164, 65, 'Altura Matanda', 'TBD', 'TBD', NULL, '2024-10-29 21:55:51', '2024-10-29 21:55:51'),
(1165, 65, 'Altura-South', 'TBD', 'TBD', NULL, '2024-10-29 21:55:51', '2024-10-29 21:55:51'),
(1166, 65, 'Ambulong', 'TBD', 'TBD', NULL, '2024-10-29 21:55:51', '2024-10-29 21:55:51'),
(1167, 65, 'Banadero', 'TBD', 'TBD', NULL, '2024-10-29 21:55:51', '2024-10-29 21:55:51'),
(1168, 65, 'Bagbag', 'TBD', 'TBD', NULL, '2024-10-29 21:55:51', '2024-10-29 21:55:51'),
(1169, 65, 'Bagumbayan', 'TBD', 'TBD', NULL, '2024-10-29 21:55:51', '2024-10-29 21:55:51'),
(1170, 65, 'Balele', 'TBD', 'TBD', NULL, '2024-10-29 21:55:51', '2024-10-29 21:55:51'),
(1171, 65, 'Banjo East', 'TBD', 'TBD', NULL, '2024-10-29 21:55:51', '2024-10-29 21:55:51'),
(1172, 65, 'Banjo Laurel', 'TBD', 'TBD', NULL, '2024-10-29 21:55:51', '2024-10-29 21:55:51'),
(1173, 65, 'Bilog-bilog', 'TBD', 'TBD', NULL, '2024-10-29 21:55:51', '2024-10-29 21:55:51'),
(1174, 65, 'Boot', 'TBD', 'TBD', NULL, '2024-10-29 21:55:51', '2024-10-29 21:55:51'),
(1175, 65, 'Cale', 'TBD', 'TBD', NULL, '2024-10-29 21:55:51', '2024-10-29 21:55:51'),
(1176, 65, 'Darasa', 'TBD', 'TBD', NULL, '2024-10-29 21:55:51', '2024-10-29 21:55:51'),
(1177, 65, 'Pagaspas', 'TBD', 'TBD', NULL, '2024-10-29 21:55:51', '2024-10-29 21:55:51'),
(1178, 65, 'Gonzales', 'TBD', 'TBD', NULL, '2024-10-29 21:55:51', '2024-10-29 21:55:51'),
(1179, 65, 'Hidalgo', 'TBD', 'TBD', NULL, '2024-10-29 21:55:51', '2024-10-29 21:55:51'),
(1180, 65, 'Janopol', 'TBD', 'TBD', NULL, '2024-10-29 21:55:51', '2024-10-29 21:55:51'),
(1181, 65, 'Janopol Oriental', 'TBD', 'TBD', NULL, '2024-10-29 21:55:51', '2024-10-29 21:55:51'),
(1182, 65, 'Laurel', 'TBD', 'TBD', NULL, '2024-10-29 21:55:51', '2024-10-29 21:55:51'),
(1183, 65, 'Luyos', 'TBD', 'TBD', NULL, '2024-10-29 21:55:51', '2024-10-29 21:55:51'),
(1184, 65, 'Mabini', 'TBD', 'TBD', NULL, '2024-10-29 21:55:51', '2024-10-29 21:55:51'),
(1185, 65, 'Malaking Pulo', 'TBD', 'TBD', NULL, '2024-10-29 21:55:51', '2024-10-29 21:55:51'),
(1186, 65, 'Maria Paz', 'TBD', 'TBD', NULL, '2024-10-29 21:55:51', '2024-10-29 21:55:51'),
(1187, 65, 'Maugat', 'TBD', 'TBD', NULL, '2024-10-29 21:55:51', '2024-10-29 21:55:51'),
(1188, 65, 'Montaña', 'TBD', 'TBD', NULL, '2024-10-29 21:55:51', '2024-10-29 21:55:51'),
(1189, 65, 'Natatas', 'TBD', 'TBD', NULL, '2024-10-29 21:55:51', '2024-10-29 21:55:51'),
(1190, 65, 'Pantay Matanda', 'TBD', 'TBD', NULL, '2024-10-29 21:55:51', '2024-10-29 21:55:51'),
(1191, 65, 'Pantay Bata', 'TBD', 'TBD', NULL, '2024-10-29 21:55:51', '2024-10-29 21:55:51'),
(1192, 65, 'Poblacion Barangay 1', 'TBD', 'TBD', NULL, '2024-10-29 21:55:51', '2024-10-29 21:55:51'),
(1193, 65, 'Poblacion Barangay 2', 'TBD', 'TBD', NULL, '2024-10-29 21:55:51', '2024-10-29 21:55:51'),
(1194, 65, 'Poblacion Barangay 3', 'TBD', 'TBD', NULL, '2024-10-29 21:55:51', '2024-10-29 21:55:51'),
(1195, 65, 'Poblacion Barangay 4', 'TBD', 'TBD', NULL, '2024-10-29 21:55:51', '2024-10-29 21:55:51'),
(1196, 65, 'Poblacion Barangay 5', 'TBD', 'TBD', NULL, '2024-10-29 21:55:51', '2024-10-29 21:55:51'),
(1197, 65, 'Poblacion Barangay 6', 'TBD', 'TBD', NULL, '2024-10-29 21:55:51', '2024-10-29 21:55:51'),
(1198, 65, 'Poblacion Barangay 7', 'TBD', 'TBD', NULL, '2024-10-29 21:55:51', '2024-10-29 21:55:51'),
(1199, 65, 'Sala', 'TBD', 'TBD', NULL, '2024-10-29 21:55:51', '2024-10-29 21:55:51'),
(1200, 65, 'Sambat', 'TBD', 'TBD', NULL, '2024-10-29 21:55:51', '2024-10-29 21:55:51'),
(1201, 65, 'San Jose', 'TBD', 'TBD', NULL, '2024-10-29 21:55:51', '2024-10-29 21:55:51'),
(1202, 65, 'Santol', 'TBD', 'TBD', NULL, '2024-10-29 21:55:51', '2024-10-29 21:55:51'),
(1203, 65, 'Santor', 'TBD', 'TBD', NULL, '2024-10-29 21:55:51', '2024-10-29 21:55:51'),
(1204, 65, 'Sulpoc', 'TBD', 'TBD', NULL, '2024-10-29 21:55:51', '2024-10-29 21:55:51'),
(1205, 65, 'Suplang', 'TBD', 'TBD', NULL, '2024-10-29 21:55:51', '2024-10-29 21:55:51'),
(1206, 65, 'Talaga', 'TBD', 'TBD', NULL, '2024-10-29 21:55:51', '2024-10-29 21:55:51'),
(1207, 65, 'Tinurik', 'TBD', 'TBD', NULL, '2024-10-29 21:55:51', '2024-10-29 21:55:51'),
(1208, 65, 'Trapiche', 'TBD', 'TBD', NULL, '2024-10-29 21:55:51', '2024-10-29 21:55:51'),
(1209, 65, 'Ulango', 'TBD', 'TBD', NULL, '2024-10-29 21:55:51', '2024-10-29 21:55:51'),
(1210, 65, 'Wawa', 'TBD', 'TBD', NULL, '2024-10-29 21:55:51', '2024-10-29 21:55:51'),
(1211, 66, 'Bacao', 'TBD', 'TBD', NULL, '2024-10-29 21:55:51', '2024-10-29 21:55:51'),
(1212, 66, 'Bilogo', 'TBD', 'TBD', NULL, '2024-10-29 21:55:51', '2024-10-29 21:55:51'),
(1213, 66, 'Bukal', 'TBD', 'TBD', NULL, '2024-10-29 21:55:51', '2024-10-29 21:55:51'),
(1214, 66, 'Dagatan', 'TBD', 'TBD', NULL, '2024-10-29 21:55:51', '2024-10-29 21:55:51'),
(1215, 66, 'Guinhawa', 'TBD', 'TBD', NULL, '2024-10-29 21:55:51', '2024-10-29 21:55:51'),
(1216, 66, 'Laurel', 'TBD', 'TBD', NULL, '2024-10-29 21:55:51', '2024-10-29 21:55:51'),
(1217, 66, 'Mabayabas', 'TBD', 'TBD', NULL, '2024-10-29 21:55:51', '2024-10-29 21:55:51'),
(1218, 66, 'Mahanadiong', 'TBD', 'TBD', NULL, '2024-10-29 21:55:51', '2024-10-29 21:55:51'),
(1219, 66, 'Mapulo', 'TBD', 'TBD', NULL, '2024-10-29 21:55:51', '2024-10-29 21:55:51'),
(1220, 66, 'Mataas Na Lupa', 'TBD', 'TBD', NULL, '2024-10-29 21:55:51', '2024-10-29 21:55:51'),
(1221, 66, 'Pag-Asa', 'TBD', 'TBD', NULL, '2024-10-29 21:55:51', '2024-10-29 21:55:51'),
(1222, 66, 'Panghayaan', 'TBD', 'TBD', NULL, '2024-10-29 21:55:51', '2024-10-29 21:55:51'),
(1223, 66, 'Piña', 'TBD', 'TBD', NULL, '2024-10-29 21:55:51', '2024-10-29 21:55:51'),
(1224, 66, 'Pinagbayanan', 'TBD', 'TBD', NULL, '2024-10-29 21:55:51', '2024-10-29 21:55:51'),
(1225, 66, 'Poblacion East', 'TBD', 'TBD', NULL, '2024-10-29 21:55:51', '2024-10-29 21:55:51'),
(1226, 66, 'Poblacion West', 'TBD', 'TBD', NULL, '2024-10-29 21:55:51', '2024-10-29 21:55:51'),
(1227, 66, 'San Isidro', 'TBD', 'TBD', NULL, '2024-10-29 21:55:51', '2024-10-29 21:55:51'),
(1228, 66, 'San Marcelino', 'TBD', 'TBD', NULL, '2024-10-29 21:55:51', '2024-10-29 21:55:51'),
(1229, 66, 'Santo Niño', 'TBD', 'TBD', NULL, '2024-10-29 21:55:51', '2024-10-29 21:55:51'),
(1230, 66, 'Tilambo', 'TBD', 'TBD', NULL, '2024-10-29 21:55:51', '2024-10-29 21:55:51'),
(1231, 67, 'Corona', 'TBD', 'TBD', NULL, '2024-10-29 21:55:51', '2024-10-29 21:55:51'),
(1232, 67, 'Gamao', 'TBD', 'TBD', NULL, '2024-10-29 21:55:51', '2024-10-29 21:55:51'),
(1233, 67, 'Makawayan', 'TBD', 'TBD', NULL, '2024-10-29 21:55:51', '2024-10-29 21:55:51'),
(1234, 67, 'Marikaban', 'TBD', 'TBD', NULL, '2024-10-29 21:55:51', '2024-10-29 21:55:51'),
(1235, 67, 'Papaya', 'TBD', 'TBD', NULL, '2024-10-29 21:55:51', '2024-10-29 21:55:51'),
(1236, 67, 'Pisa', 'TBD', 'TBD', NULL, '2024-10-29 21:55:51', '2024-10-29 21:55:51'),
(1237, 67, 'Barangay 13', 'TBD', 'TBD', NULL, '2024-10-29 21:55:51', '2024-10-29 21:55:51'),
(1238, 67, 'Barangay 14', 'TBD', 'TBD', NULL, '2024-10-29 21:55:51', '2024-10-29 21:55:51'),
(1239, 67, 'Barangay 15', 'TBD', 'TBD', NULL, '2024-10-29 21:55:51', '2024-10-29 21:55:51'),
(1240, 67, 'San Isidro', 'TBD', 'TBD', NULL, '2024-10-29 21:55:51', '2024-10-29 21:55:51'),
(1241, 67, 'San Jose', 'TBD', 'TBD', NULL, '2024-10-29 21:55:51', '2024-10-29 21:55:51'),
(1242, 67, 'San Juan', 'TBD', 'TBD', NULL, '2024-10-29 21:55:51', '2024-10-29 21:55:51'),
(1243, 67, 'San Pedro', 'TBD', 'TBD', NULL, '2024-10-29 21:55:51', '2024-10-29 21:55:51'),
(1244, 67, 'Santo Tomas', 'TBD', 'TBD', NULL, '2024-10-29 21:55:51', '2024-10-29 21:55:51'),
(1245, 67, 'Talahib', 'TBD', 'TBD', NULL, '2024-10-29 21:55:51', '2024-10-29 21:55:51'),
(1246, 68, 'Acle', 'TBD', 'TBD', NULL, '2024-10-29 21:55:51', '2024-10-29 21:55:51'),
(1247, 68, 'Bayudbud', 'TBD', 'TBD', NULL, '2024-10-29 21:55:51', '2024-10-29 21:55:51'),
(1248, 68, 'Bolboc', 'TBD', 'TBD', NULL, '2024-10-29 21:55:51', '2024-10-29 21:55:51'),
(1249, 68, 'Dalima', 'TBD', 'TBD', NULL, '2024-10-29 21:55:51', '2024-10-29 21:55:51'),
(1250, 68, 'Dao', 'TBD', 'TBD', NULL, '2024-10-29 21:55:51', '2024-10-29 21:55:51'),
(1251, 68, 'Guinhawa', 'TBD', 'TBD', NULL, '2024-10-29 21:55:51', '2024-10-29 21:55:51'),
(1252, 68, 'Lumbangan', 'TBD', 'TBD', NULL, '2024-10-29 21:55:51', '2024-10-29 21:55:51'),
(1253, 68, 'Luntal', 'TBD', 'TBD', NULL, '2024-10-29 21:55:51', '2024-10-29 21:55:51'),
(1254, 68, 'Magahis', 'TBD', 'TBD', NULL, '2024-10-29 21:55:51', '2024-10-29 21:55:51'),
(1255, 68, 'Malibu', 'TBD', 'TBD', NULL, '2024-10-29 21:55:51', '2024-10-29 21:55:51'),
(1256, 68, 'Mataywanac', 'TBD', 'TBD', NULL, '2024-10-29 21:55:51', '2024-10-29 21:55:51'),
(1257, 68, 'Palincaro', 'TBD', 'TBD', NULL, '2024-10-29 21:55:51', '2024-10-29 21:55:51'),
(1258, 68, 'Luna', 'TBD', 'TBD', NULL, '2024-10-29 21:55:51', '2024-10-29 21:55:51'),
(1259, 68, 'Burgos', 'TBD', 'TBD', NULL, '2024-10-29 21:55:51', '2024-10-29 21:55:51'),
(1260, 68, 'Rizal', 'TBD', 'TBD', NULL, '2024-10-29 21:55:51', '2024-10-29 21:55:51'),
(1261, 68, 'Rillo', 'TBD', 'TBD', NULL, '2024-10-29 21:55:51', '2024-10-29 21:55:51'),
(1262, 68, 'Putol', 'TBD', 'TBD', NULL, '2024-10-29 21:55:51', '2024-10-29 21:55:51'),
(1263, 68, 'Sabang', 'TBD', 'TBD', NULL, '2024-10-29 21:55:51', '2024-10-29 21:55:51'),
(1264, 68, 'San Jose', 'TBD', 'TBD', NULL, '2024-10-29 21:55:51', '2024-10-29 21:55:51'),
(1265, 68, 'Talon', 'TBD', 'TBD', NULL, '2024-10-29 21:55:51', '2024-10-29 21:55:51'),
(1266, 68, 'Toong', 'TBD', 'TBD', NULL, '2024-10-29 21:55:51', '2024-10-29 21:55:51'),
(1267, 68, 'Tuyon-tuyon', 'TBD', 'TBD', NULL, '2024-10-29 21:55:51', '2024-10-29 21:55:51');

-- --------------------------------------------------------

--
-- Table structure for table `cache`
--

CREATE TABLE `cache` (
  `key` varchar(255) NOT NULL,
  `value` mediumtext NOT NULL,
  `expiration` int(11) NOT NULL
) ENGINE=InnoDB DEFAULT CHARSET=utf8mb4 COLLATE=utf8mb4_unicode_ci;

--
-- Dumping data for table `cache`
--

INSERT INTO `cache` (`key`, `value`, `expiration`) VALUES
('a17961fa74e9275d529f489537f179c05d50c2f3', 'i:1;', 1730268026),
('a17961fa74e9275d529f489537f179c05d50c2f3:timer', 'i:1730268026;', 1730268026);

-- --------------------------------------------------------

--
-- Table structure for table `cache_locks`
--

CREATE TABLE `cache_locks` (
  `key` varchar(255) NOT NULL,
  `owner` varchar(255) NOT NULL,
  `expiration` int(11) NOT NULL
) ENGINE=InnoDB DEFAULT CHARSET=utf8mb4 COLLATE=utf8mb4_unicode_ci;

-- --------------------------------------------------------

--
-- Table structure for table `cities`
--

CREATE TABLE `cities` (
  `id` bigint(20) UNSIGNED NOT NULL,
  `name` varchar(255) NOT NULL,
  `type` enum('City','Mun') NOT NULL,
  `created_at` timestamp NULL DEFAULT NULL,
  `updated_at` timestamp NULL DEFAULT NULL
) ENGINE=InnoDB DEFAULT CHARSET=utf8mb4 COLLATE=utf8mb4_unicode_ci;

--
-- Dumping data for table `cities`
--

INSERT INTO `cities` (`id`, `name`, `type`, `created_at`, `updated_at`) VALUES
(35, 'Agoncillo', 'Mun', '2024-10-29 21:55:51', '2024-10-29 21:55:51'),
(36, 'Alitagtag', 'Mun', '2024-10-29 21:55:51', '2024-10-29 21:55:51'),
(37, 'Balayan', 'Mun', '2024-10-29 21:55:51', '2024-10-29 21:55:51'),
(38, 'Balete', 'Mun', '2024-10-29 21:55:51', '2024-10-29 21:55:51'),
(39, 'Batangas City', 'City', '2024-10-29 21:55:51', '2024-10-29 21:55:51'),
(40, 'Bauan', 'Mun', '2024-10-29 21:55:51', '2024-10-29 21:55:51'),
(41, 'City of Calaca', 'City', '2024-10-29 21:55:51', '2024-10-29 21:55:51'),
(42, 'Calatagan', 'Mun', '2024-10-29 21:55:51', '2024-10-29 21:55:51'),
(43, 'Cuenca', 'Mun', '2024-10-29 21:55:51', '2024-10-29 21:55:51'),
(44, 'Ibaan', 'Mun', '2024-10-29 21:55:51', '2024-10-29 21:55:51'),
(45, 'Laurel', 'Mun', '2024-10-29 21:55:51', '2024-10-29 21:55:51'),
(46, 'Lemery', 'Mun', '2024-10-29 21:55:51', '2024-10-29 21:55:51'),
(47, 'Lian', 'Mun', '2024-10-29 21:55:51', '2024-10-29 21:55:51'),
(48, 'City of Lipa', 'City', '2024-10-29 21:55:51', '2024-10-29 21:55:51'),
(49, 'Lobo', 'Mun', '2024-10-29 21:55:51', '2024-10-29 21:55:51'),
(50, 'Mabini', 'Mun', '2024-10-29 21:55:51', '2024-10-29 21:55:51'),
(51, 'Malvar', 'Mun', '2024-10-29 21:55:51', '2024-10-29 21:55:51'),
(52, 'Mataasnakahoy', 'Mun', '2024-10-29 21:55:51', '2024-10-29 21:55:51'),
(53, 'Nasugbu', 'Mun', '2024-10-29 21:55:51', '2024-10-29 21:55:51'),
(54, 'Padre Garcia', 'Mun', '2024-10-29 21:55:51', '2024-10-29 21:55:51'),
(55, 'Rosario', 'Mun', '2024-10-29 21:55:51', '2024-10-29 21:55:51'),
(56, 'San Jose', 'Mun', '2024-10-29 21:55:51', '2024-10-29 21:55:51'),
(57, 'San Juan', 'Mun', '2024-10-29 21:55:51', '2024-10-29 21:55:51'),
(58, 'San Luis', 'Mun', '2024-10-29 21:55:51', '2024-10-29 21:55:51'),
(59, 'San Nicolas', 'Mun', '2024-10-29 21:55:51', '2024-10-29 21:55:51'),
(60, 'San Pascual', 'Mun', '2024-10-29 21:55:51', '2024-10-29 21:55:51'),
(61, 'Santa Teresita', 'Mun', '2024-10-29 21:55:51', '2024-10-29 21:55:51'),
(62, 'City of Sto. Tomas', 'City', '2024-10-29 21:55:51', '2024-10-29 21:55:51'),
(63, 'Taal', 'Mun', '2024-10-29 21:55:51', '2024-10-29 21:55:51'),
(64, 'Talisay', 'Mun', '2024-10-29 21:55:51', '2024-10-29 21:55:51'),
(65, 'City of Tanauan', 'City', '2024-10-29 21:55:51', '2024-10-29 21:55:51'),
(66, 'Taysan', 'Mun', '2024-10-29 21:55:51', '2024-10-29 21:55:51'),
(67, 'Tingloy', 'Mun', '2024-10-29 21:55:51', '2024-10-29 21:55:51'),
(68, 'Tuy', 'Mun', '2024-10-29 21:55:51', '2024-10-29 21:55:51');

-- --------------------------------------------------------

--
-- Table structure for table `donations`
--

CREATE TABLE `donations` (
  `id` bigint(20) UNSIGNED NOT NULL,
  `evac_center_id` bigint(20) UNSIGNED NOT NULL,
  `donation_type` varchar(255) NOT NULL,
  `quantity` int(11) NOT NULL,
  `donator` varchar(255) NOT NULL,
  `beneficiary` varchar(255) NOT NULL,
  `created_at` timestamp NULL DEFAULT NULL,
  `updated_at` timestamp NULL DEFAULT NULL
) ENGINE=InnoDB DEFAULT CHARSET=utf8mb4 COLLATE=utf8mb4_unicode_ci;

-- --------------------------------------------------------

--
-- Table structure for table `evacuees`
--

CREATE TABLE `evacuees` (
  `id` bigint(20) UNSIGNED NOT NULL,
  `barangay_id` bigint(20) UNSIGNED NOT NULL,
  `evac_center_id` bigint(20) UNSIGNED NOT NULL,
  `last_name` varchar(255) NOT NULL,
  `first_name` varchar(255) NOT NULL,
  `middle_name` varchar(255) DEFAULT NULL,
  `gender` varchar(255) NOT NULL,
  `birth_date` date NOT NULL,
  `age` int(11) NOT NULL,
  `religion` varchar(255) DEFAULT NULL,
  `nationality` varchar(255) DEFAULT NULL,
  `address` varchar(255) NOT NULL,
  `contact_number` varchar(255) DEFAULT NULL,
  `email` varchar(255) DEFAULT NULL,
  `sector` varchar(255) DEFAULT NULL,
  `created_at` timestamp NULL DEFAULT NULL,
  `updated_at` timestamp NULL DEFAULT NULL
) ENGINE=InnoDB DEFAULT CHARSET=utf8mb4 COLLATE=utf8mb4_unicode_ci;

-- --------------------------------------------------------

--
-- Table structure for table `evacuee_family_members`
--

CREATE TABLE `evacuee_family_members` (
  `id` bigint(20) UNSIGNED NOT NULL,
  `evacuee_id` bigint(20) UNSIGNED NOT NULL,
  `last_name` varchar(255) NOT NULL,
  `first_name` varchar(255) NOT NULL,
  `middle_name` varchar(255) DEFAULT NULL,
  `gender` varchar(255) NOT NULL,
  `birth_date` date NOT NULL,
  `age` int(11) NOT NULL,
  `religion` varchar(255) DEFAULT NULL,
  `nationality` varchar(255) DEFAULT NULL,
  `created_at` timestamp NULL DEFAULT NULL,
  `updated_at` timestamp NULL DEFAULT NULL
) ENGINE=InnoDB DEFAULT CHARSET=utf8mb4 COLLATE=utf8mb4_unicode_ci;

-- --------------------------------------------------------

--
-- Table structure for table `evac_amenities`
--

CREATE TABLE `evac_amenities` (
  `id` bigint(20) UNSIGNED NOT NULL,
  `evac_center_id` bigint(20) UNSIGNED NOT NULL,
  `amenity_id` bigint(20) UNSIGNED NOT NULL,
  `quantity` int(11) NOT NULL DEFAULT 0,
  `description` longtext DEFAULT NULL,
  `created_at` timestamp NULL DEFAULT NULL,
  `updated_at` timestamp NULL DEFAULT NULL
) ENGINE=InnoDB DEFAULT CHARSET=utf8mb4 COLLATE=utf8mb4_unicode_ci;

-- --------------------------------------------------------

--
-- Table structure for table `evac_centers`
--

CREATE TABLE `evac_centers` (
  `id` bigint(20) UNSIGNED NOT NULL,
  `barangay_id` bigint(20) UNSIGNED NOT NULL,
  `name` varchar(255) NOT NULL,
  `address` varchar(255) NOT NULL,
  `longitude` decimal(10,7) NOT NULL,
  `latitude` decimal(10,7) NOT NULL,
  `capacity` int(11) NOT NULL,
  `contact_person` varchar(255) NOT NULL,
  `contact_number` varchar(255) NOT NULL,
  `description` longtext DEFAULT NULL,
  `created_at` timestamp NULL DEFAULT NULL,
  `updated_at` timestamp NULL DEFAULT NULL
) ENGINE=InnoDB DEFAULT CHARSET=utf8mb4 COLLATE=utf8mb4_unicode_ci;

-- --------------------------------------------------------

--
-- Table structure for table `evac_center_user`
--

CREATE TABLE `evac_center_user` (
  `id` bigint(20) UNSIGNED NOT NULL,
  `user_id` bigint(20) UNSIGNED NOT NULL,
  `evac_center_id` bigint(20) UNSIGNED NOT NULL,
  `created_at` timestamp NULL DEFAULT NULL,
  `updated_at` timestamp NULL DEFAULT NULL
) ENGINE=InnoDB DEFAULT CHARSET=utf8mb4 COLLATE=utf8mb4_unicode_ci;

-- --------------------------------------------------------

--
-- Table structure for table `failed_jobs`
--

CREATE TABLE `failed_jobs` (
  `id` bigint(20) UNSIGNED NOT NULL,
  `uuid` varchar(255) NOT NULL,
  `connection` text NOT NULL,
  `queue` text NOT NULL,
  `payload` longtext NOT NULL,
  `exception` longtext NOT NULL,
  `failed_at` timestamp NOT NULL DEFAULT current_timestamp()
) ENGINE=InnoDB DEFAULT CHARSET=utf8mb4 COLLATE=utf8mb4_unicode_ci;

-- --------------------------------------------------------

--
-- Table structure for table `jobs`
--

CREATE TABLE `jobs` (
  `id` bigint(20) UNSIGNED NOT NULL,
  `queue` varchar(255) NOT NULL,
  `payload` longtext NOT NULL,
  `attempts` tinyint(3) UNSIGNED NOT NULL,
  `reserved_at` int(10) UNSIGNED DEFAULT NULL,
  `available_at` int(10) UNSIGNED NOT NULL,
  `created_at` int(10) UNSIGNED NOT NULL
) ENGINE=InnoDB DEFAULT CHARSET=utf8mb4 COLLATE=utf8mb4_unicode_ci;

-- --------------------------------------------------------

--
-- Table structure for table `job_batches`
--

CREATE TABLE `job_batches` (
  `id` varchar(255) NOT NULL,
  `name` varchar(255) NOT NULL,
  `total_jobs` int(11) NOT NULL,
  `pending_jobs` int(11) NOT NULL,
  `failed_jobs` int(11) NOT NULL,
  `failed_job_ids` longtext NOT NULL,
  `options` mediumtext DEFAULT NULL,
  `cancelled_at` int(11) DEFAULT NULL,
  `created_at` int(11) NOT NULL,
  `finished_at` int(11) DEFAULT NULL
) ENGINE=InnoDB DEFAULT CHARSET=utf8mb4 COLLATE=utf8mb4_unicode_ci;

-- --------------------------------------------------------

--
-- Table structure for table `migrations`
--

CREATE TABLE `migrations` (
  `id` int(10) UNSIGNED NOT NULL,
  `migration` varchar(255) NOT NULL,
  `batch` int(11) NOT NULL
) ENGINE=InnoDB DEFAULT CHARSET=utf8mb4 COLLATE=utf8mb4_unicode_ci;

--
-- Dumping data for table `migrations`
--

INSERT INTO `migrations` (`id`, `migration`, `batch`) VALUES
(1, '0001_01_01_000000_create_users_table', 1),
(2, '0001_01_01_000001_create_cache_table', 1),
(3, '0001_01_01_000002_create_jobs_table', 1),
(4, '2024_10_29_064437_create_cities_table', 1),
(5, '2024_10_29_064438_create_barangays_table', 1),
(6, '2024_10_29_064547_create_amenities_table', 1),
(7, '2024_10_29_064621_create_evac_centers_table', 1),
(8, '2024_10_29_064622_create_evac_amenities_table', 1),
(9, '2024_10_29_064631_create_evacuees_table', 1),
(10, '2024_10_29_064641_create_evacuee_family_members_table', 1),
(11, '2024_10_29_064653_create_needs_table', 1),
(12, '2024_10_29_235655_create_evac_center_user_table', 1),
(13, '2024_10_29_235801_create_donations_table', 1);

-- --------------------------------------------------------

--
-- Table structure for table `needs`
--

CREATE TABLE `needs` (
  `id` bigint(20) UNSIGNED NOT NULL,
  `evac_center_id` bigint(20) UNSIGNED NOT NULL,
  `description` varchar(255) NOT NULL,
  `urgency` int(11) NOT NULL DEFAULT 0,
  `created_at` timestamp NULL DEFAULT NULL,
  `updated_at` timestamp NULL DEFAULT NULL
) ENGINE=InnoDB DEFAULT CHARSET=utf8mb4 COLLATE=utf8mb4_unicode_ci;

-- --------------------------------------------------------

--
-- Table structure for table `password_reset_tokens`
--

CREATE TABLE `password_reset_tokens` (
  `email` varchar(255) NOT NULL,
  `token` varchar(255) NOT NULL,
  `created_at` timestamp NULL DEFAULT NULL
) ENGINE=InnoDB DEFAULT CHARSET=utf8mb4 COLLATE=utf8mb4_unicode_ci;

-- --------------------------------------------------------

--
-- Table structure for table `sessions`
--

CREATE TABLE `sessions` (
  `id` varchar(255) NOT NULL,
  `user_id` bigint(20) UNSIGNED DEFAULT NULL,
  `ip_address` varchar(45) DEFAULT NULL,
  `user_agent` text DEFAULT NULL,
  `payload` longtext NOT NULL,
  `last_activity` int(11) NOT NULL
) ENGINE=InnoDB DEFAULT CHARSET=utf8mb4 COLLATE=utf8mb4_unicode_ci;

--
-- Dumping data for table `sessions`
--

INSERT INTO `sessions` (`id`, `user_id`, `ip_address`, `user_agent`, `payload`, `last_activity`) VALUES
('e3vOm21ILXL0d7BzUX5lgwUKk808k4ctFTcn6t2q', 1, '127.0.0.1', 'Mozilla/5.0 (Windows NT 10.0; Win64; x64) AppleWebKit/537.36 (KHTML, like Gecko) Chrome/130.0.0.0 Safari/537.36', 'YTo2OntzOjY6Il90b2tlbiI7czo0MDoidUVFeUc2WjdrVWR1bEFsR2w0QmJjNlRLUmN1YnJDZjdqUXNjM0VxaCI7czozOiJ1cmwiO2E6MDp7fXM6OToiX3ByZXZpb3VzIjthOjE6e3M6MzoidXJsIjtzOjU3OiJodHRwOi8vMTI3LjAuMC4xOjgwMDAvYWRtaW4vZXZhY3VlZS1mYW1pbHktbWVtYmVycy9jcmVhdGUiO31zOjY6Il9mbGFzaCI7YToyOntzOjM6Im9sZCI7YTowOnt9czozOiJuZXciO2E6MDp7fX1zOjUwOiJsb2dpbl93ZWJfNTliYTM2YWRkYzJiMmY5NDAxNTgwZjAxNGM3ZjU4ZWE0ZTMwOTg5ZCI7aToxO3M6MTc6InBhc3N3b3JkX2hhc2hfd2ViIjtzOjYwOiIkMnkkMTIkcUJ2VG9kL01XN2VIdko3bG52VEl2dThsd2RITUNYaXFzMkI5aFN0OEZvNW1lSlRkcTBaLm0iO30=', 1730270122);

-- --------------------------------------------------------

--
-- Table structure for table `users`
--

CREATE TABLE `users` (
  `id` bigint(20) UNSIGNED NOT NULL,
  `name` varchar(255) NOT NULL,
  `email` varchar(255) NOT NULL,
  `email_verified_at` timestamp NULL DEFAULT NULL,
  `password` varchar(255) NOT NULL,
  `remember_token` varchar(100) DEFAULT NULL,
  `created_at` timestamp NULL DEFAULT NULL,
  `updated_at` timestamp NULL DEFAULT NULL
) ENGINE=InnoDB DEFAULT CHARSET=utf8mb4 COLLATE=utf8mb4_unicode_ci;

--
-- Dumping data for table `users`
--

INSERT INTO `users` (`id`, `name`, `email`, `email_verified_at`, `password`, `remember_token`, `created_at`, `updated_at`) VALUES
(1, 'Admin', 'admin@gmail.com', NULL, '$2y$12$qBvTod/MW7eHvJ7lnvTIvu8lwdHMCXiqs2B9hSt8Fo5meJTdq0Z.m', NULL, '2024-10-29 21:58:00', '2024-10-29 21:58:00');

--
-- Indexes for dumped tables
--

--
-- Indexes for table `amenities`
--
ALTER TABLE `amenities`
  ADD PRIMARY KEY (`id`);

--
-- Indexes for table `barangays`
--
ALTER TABLE `barangays`
  ADD PRIMARY KEY (`id`),
  ADD KEY `barangays_city_id_foreign` (`city_id`);

--
-- Indexes for table `cache`
--
ALTER TABLE `cache`
  ADD PRIMARY KEY (`key`);

--
-- Indexes for table `cache_locks`
--
ALTER TABLE `cache_locks`
  ADD PRIMARY KEY (`key`);

--
-- Indexes for table `cities`
--
ALTER TABLE `cities`
  ADD PRIMARY KEY (`id`);

--
-- Indexes for table `donations`
--
ALTER TABLE `donations`
  ADD PRIMARY KEY (`id`),
  ADD KEY `donations_evac_center_id_foreign` (`evac_center_id`);

--
-- Indexes for table `evacuees`
--
ALTER TABLE `evacuees`
  ADD PRIMARY KEY (`id`),
  ADD KEY `evacuees_barangay_id_foreign` (`barangay_id`),
  ADD KEY `evacuees_evac_center_id_foreign` (`evac_center_id`);

--
-- Indexes for table `evacuee_family_members`
--
ALTER TABLE `evacuee_family_members`
  ADD PRIMARY KEY (`id`),
  ADD KEY `evacuee_family_members_evacuee_id_foreign` (`evacuee_id`);

--
-- Indexes for table `evac_amenities`
--
ALTER TABLE `evac_amenities`
  ADD PRIMARY KEY (`id`),
  ADD KEY `evac_amenities_evac_center_id_foreign` (`evac_center_id`),
  ADD KEY `evac_amenities_amenity_id_foreign` (`amenity_id`);

--
-- Indexes for table `evac_centers`
--
ALTER TABLE `evac_centers`
  ADD PRIMARY KEY (`id`),
  ADD KEY `evac_centers_barangay_id_foreign` (`barangay_id`);

--
-- Indexes for table `evac_center_user`
--
ALTER TABLE `evac_center_user`
  ADD PRIMARY KEY (`id`),
  ADD KEY `evac_center_user_user_id_foreign` (`user_id`),
  ADD KEY `evac_center_user_evac_center_id_foreign` (`evac_center_id`);

--
-- Indexes for table `failed_jobs`
--
ALTER TABLE `failed_jobs`
  ADD PRIMARY KEY (`id`),
  ADD UNIQUE KEY `failed_jobs_uuid_unique` (`uuid`);

--
-- Indexes for table `jobs`
--
ALTER TABLE `jobs`
  ADD PRIMARY KEY (`id`),
  ADD KEY `jobs_queue_index` (`queue`);

--
-- Indexes for table `job_batches`
--
ALTER TABLE `job_batches`
  ADD PRIMARY KEY (`id`);

--
-- Indexes for table `migrations`
--
ALTER TABLE `migrations`
  ADD PRIMARY KEY (`id`);

--
-- Indexes for table `needs`
--
ALTER TABLE `needs`
  ADD PRIMARY KEY (`id`),
  ADD KEY `needs_evac_center_id_foreign` (`evac_center_id`);

--
-- Indexes for table `password_reset_tokens`
--
ALTER TABLE `password_reset_tokens`
  ADD PRIMARY KEY (`email`);

--
-- Indexes for table `sessions`
--
ALTER TABLE `sessions`
  ADD PRIMARY KEY (`id`),
  ADD KEY `sessions_user_id_index` (`user_id`),
  ADD KEY `sessions_last_activity_index` (`last_activity`);

--
-- Indexes for table `users`
--
ALTER TABLE `users`
  ADD PRIMARY KEY (`id`),
  ADD UNIQUE KEY `users_email_unique` (`email`);

--
-- AUTO_INCREMENT for dumped tables
--

--
-- AUTO_INCREMENT for table `amenities`
--
ALTER TABLE `amenities`
  MODIFY `id` bigint(20) UNSIGNED NOT NULL AUTO_INCREMENT;

--
-- AUTO_INCREMENT for table `barangays`
--
ALTER TABLE `barangays`
  MODIFY `id` bigint(20) UNSIGNED NOT NULL AUTO_INCREMENT, AUTO_INCREMENT=1268;

--
-- AUTO_INCREMENT for table `cities`
--
ALTER TABLE `cities`
  MODIFY `id` bigint(20) UNSIGNED NOT NULL AUTO_INCREMENT, AUTO_INCREMENT=69;

--
-- AUTO_INCREMENT for table `donations`
--
ALTER TABLE `donations`
  MODIFY `id` bigint(20) UNSIGNED NOT NULL AUTO_INCREMENT;

--
-- AUTO_INCREMENT for table `evacuees`
--
ALTER TABLE `evacuees`
  MODIFY `id` bigint(20) UNSIGNED NOT NULL AUTO_INCREMENT;

--
-- AUTO_INCREMENT for table `evacuee_family_members`
--
ALTER TABLE `evacuee_family_members`
  MODIFY `id` bigint(20) UNSIGNED NOT NULL AUTO_INCREMENT;

--
-- AUTO_INCREMENT for table `evac_amenities`
--
ALTER TABLE `evac_amenities`
  MODIFY `id` bigint(20) UNSIGNED NOT NULL AUTO_INCREMENT;

--
-- AUTO_INCREMENT for table `evac_centers`
--
ALTER TABLE `evac_centers`
  MODIFY `id` bigint(20) UNSIGNED NOT NULL AUTO_INCREMENT;

--
-- AUTO_INCREMENT for table `evac_center_user`
--
ALTER TABLE `evac_center_user`
  MODIFY `id` bigint(20) UNSIGNED NOT NULL AUTO_INCREMENT;

--
-- AUTO_INCREMENT for table `failed_jobs`
--
ALTER TABLE `failed_jobs`
  MODIFY `id` bigint(20) UNSIGNED NOT NULL AUTO_INCREMENT;

--
-- AUTO_INCREMENT for table `jobs`
--
ALTER TABLE `jobs`
  MODIFY `id` bigint(20) UNSIGNED NOT NULL AUTO_INCREMENT;

--
-- AUTO_INCREMENT for table `migrations`
--
ALTER TABLE `migrations`
  MODIFY `id` int(10) UNSIGNED NOT NULL AUTO_INCREMENT, AUTO_INCREMENT=14;

--
-- AUTO_INCREMENT for table `needs`
--
ALTER TABLE `needs`
  MODIFY `id` bigint(20) UNSIGNED NOT NULL AUTO_INCREMENT;

--
-- AUTO_INCREMENT for table `users`
--
ALTER TABLE `users`
  MODIFY `id` bigint(20) UNSIGNED NOT NULL AUTO_INCREMENT, AUTO_INCREMENT=2;

--
-- Constraints for dumped tables
--

--
-- Constraints for table `barangays`
--
ALTER TABLE `barangays`
  ADD CONSTRAINT `barangays_city_id_foreign` FOREIGN KEY (`city_id`) REFERENCES `cities` (`id`) ON DELETE CASCADE;

--
-- Constraints for table `donations`
--
ALTER TABLE `donations`
  ADD CONSTRAINT `donations_evac_center_id_foreign` FOREIGN KEY (`evac_center_id`) REFERENCES `evac_centers` (`id`) ON DELETE CASCADE;

--
-- Constraints for table `evacuees`
--
ALTER TABLE `evacuees`
  ADD CONSTRAINT `evacuees_barangay_id_foreign` FOREIGN KEY (`barangay_id`) REFERENCES `barangays` (`id`) ON DELETE CASCADE,
  ADD CONSTRAINT `evacuees_evac_center_id_foreign` FOREIGN KEY (`evac_center_id`) REFERENCES `evac_centers` (`id`) ON DELETE CASCADE;

--
-- Constraints for table `evacuee_family_members`
--
ALTER TABLE `evacuee_family_members`
  ADD CONSTRAINT `evacuee_family_members_evacuee_id_foreign` FOREIGN KEY (`evacuee_id`) REFERENCES `evacuees` (`id`) ON DELETE CASCADE;

--
-- Constraints for table `evac_amenities`
--
ALTER TABLE `evac_amenities`
  ADD CONSTRAINT `evac_amenities_amenity_id_foreign` FOREIGN KEY (`amenity_id`) REFERENCES `amenities` (`id`) ON DELETE CASCADE,
  ADD CONSTRAINT `evac_amenities_evac_center_id_foreign` FOREIGN KEY (`evac_center_id`) REFERENCES `evac_centers` (`id`) ON DELETE CASCADE;

--
-- Constraints for table `evac_centers`
--
ALTER TABLE `evac_centers`
  ADD CONSTRAINT `evac_centers_barangay_id_foreign` FOREIGN KEY (`barangay_id`) REFERENCES `barangays` (`id`) ON DELETE CASCADE;

--
-- Constraints for table `evac_center_user`
--
ALTER TABLE `evac_center_user`
  ADD CONSTRAINT `evac_center_user_evac_center_id_foreign` FOREIGN KEY (`evac_center_id`) REFERENCES `evac_centers` (`id`) ON DELETE CASCADE,
  ADD CONSTRAINT `evac_center_user_user_id_foreign` FOREIGN KEY (`user_id`) REFERENCES `users` (`id`) ON DELETE CASCADE;

--
-- Constraints for table `needs`
--
ALTER TABLE `needs`
  ADD CONSTRAINT `needs_evac_center_id_foreign` FOREIGN KEY (`evac_center_id`) REFERENCES `evac_centers` (`id`) ON DELETE CASCADE;
COMMIT;

/*!40101 SET CHARACTER_SET_CLIENT=@OLD_CHARACTER_SET_CLIENT */;
/*!40101 SET CHARACTER_SET_RESULTS=@OLD_CHARACTER_SET_RESULTS */;
/*!40101 SET COLLATION_CONNECTION=@OLD_COLLATION_CONNECTION */;
