-- phpMyAdmin SQL Dump
-- version 5.2.1
-- https://www.phpmyadmin.net/
--
-- Host: 127.0.0.1
-- Generation Time: Nov 04, 2024 at 01:21 PM
-- Server version: 10.4.32-MariaDB
-- PHP Version: 8.2.12

SET SQL_MODE = "NO_AUTO_VALUE_ON_ZERO";
START TRANSACTION;
SET time_zone = "+00:00";


/*!40101 SET @OLD_CHARACTER_SET_CLIENT=@@CHARACTER_SET_CLIENT */;
/*!40101 SET @OLD_CHARACTER_SET_RESULTS=@@CHARACTER_SET_RESULTS */;
/*!40101 SET @OLD_COLLATION_CONNECTION=@@COLLATION_CONNECTION */;
/*!40101 SET NAMES utf8mb4 */;

--
-- Database: `bakwit_finder`
--

-- --------------------------------------------------------

--
-- Table structure for table `amenities`
--

CREATE TABLE `amenities` (
  `id` bigint(20) UNSIGNED NOT NULL,
  `name` varchar(255) NOT NULL,
  `description` longtext DEFAULT NULL,
  `created_at` timestamp NULL DEFAULT NULL,
  `updated_at` timestamp NULL DEFAULT NULL
) ENGINE=InnoDB DEFAULT CHARSET=utf8mb4 COLLATE=utf8mb4_unicode_ci;

--
-- Dumping data for table `amenities`
--

INSERT INTO `amenities` (`id`, `name`, `description`, `created_at`, `updated_at`) VALUES
(1, 'Kitchen', 'Cooking facilities with basic equipment', NULL, NULL),
(2, 'Comfort Room', 'Bathroom facilities', NULL, NULL),
(3, 'Medical Bay', 'Basic medical supplies and first aid', NULL, NULL),
(4, 'Sleeping Area', 'Designated sleeping quarters', NULL, NULL),
(5, 'Water Supply', 'Clean water access points', NULL, NULL);

-- --------------------------------------------------------

--
-- Table structure for table `barangays`
--

CREATE TABLE `barangays` (
  `id` bigint(20) UNSIGNED NOT NULL,
  `city_id` bigint(20) UNSIGNED NOT NULL,
  `name` varchar(255) NOT NULL,
  `contact_person` varchar(255) NOT NULL,
  `phone` varchar(255) NOT NULL,
  `email` varchar(255) DEFAULT NULL,
  `created_at` timestamp NULL DEFAULT NULL,
  `updated_at` timestamp NULL DEFAULT NULL
) ENGINE=InnoDB DEFAULT CHARSET=utf8mb4 COLLATE=utf8mb4_unicode_ci;

--
-- Dumping data for table `barangays`
--

INSERT INTO `barangays` (`id`, `city_id`, `name`, `contact_person`, `phone`, `email`, `created_at`, `updated_at`) VALUES
(1, 1, 'Adia', 'TBD', 'TBD', NULL, '2024-11-04 03:32:54', '2024-11-04 03:32:54'),
(2, 1, 'Bagong Sikat', 'TBD', 'TBD', NULL, '2024-11-04 03:32:54', '2024-11-04 03:32:54'),
(3, 1, 'Balangon', 'TBD', 'TBD', NULL, '2024-11-04 03:32:54', '2024-11-04 03:32:54'),
(4, 1, 'Bilibinwang', 'TBD', 'TBD', NULL, '2024-11-04 03:32:54', '2024-11-04 03:32:54'),
(5, 1, 'Bangin', 'TBD', 'TBD', NULL, '2024-11-04 03:32:54', '2024-11-04 03:32:54'),
(6, 1, 'Barigon', 'TBD', 'TBD', NULL, '2024-11-04 03:32:54', '2024-11-04 03:32:54'),
(7, 1, 'Coral Na Munti', 'TBD', 'TBD', NULL, '2024-11-04 03:32:54', '2024-11-04 03:32:54'),
(8, 1, 'Guitna', 'TBD', 'TBD', NULL, '2024-11-04 03:32:54', '2024-11-04 03:32:54'),
(9, 1, 'Mabini', 'TBD', 'TBD', NULL, '2024-11-04 03:32:54', '2024-11-04 03:32:54'),
(10, 1, 'Pamiga', 'TBD', 'TBD', NULL, '2024-11-04 03:32:54', '2024-11-04 03:32:54'),
(11, 1, 'Panhulan', 'TBD', 'TBD', NULL, '2024-11-04 03:32:54', '2024-11-04 03:32:54'),
(12, 1, 'Pansipit', 'TBD', 'TBD', NULL, '2024-11-04 03:32:54', '2024-11-04 03:32:54'),
(13, 1, 'Poblacion', 'TBD', 'TBD', NULL, '2024-11-04 03:32:54', '2024-11-04 03:32:54'),
(14, 1, 'Pook', 'TBD', 'TBD', NULL, '2024-11-04 03:32:54', '2024-11-04 03:32:54'),
(15, 1, 'San Jacinto', 'TBD', 'TBD', NULL, '2024-11-04 03:32:54', '2024-11-04 03:32:54'),
(16, 1, 'San Teodoro', 'TBD', 'TBD', NULL, '2024-11-04 03:32:54', '2024-11-04 03:32:54'),
(17, 1, 'Santa Cruz', 'TBD', 'TBD', NULL, '2024-11-04 03:32:54', '2024-11-04 03:32:54'),
(18, 1, 'Santo Tomas', 'TBD', 'TBD', NULL, '2024-11-04 03:32:54', '2024-11-04 03:32:54'),
(19, 1, 'Subic Ibaba', 'TBD', 'TBD', NULL, '2024-11-04 03:32:54', '2024-11-04 03:32:54'),
(20, 1, 'Subic Ilaya', 'TBD', 'TBD', NULL, '2024-11-04 03:32:54', '2024-11-04 03:32:54'),
(21, 1, 'Banyaga', 'TBD', 'TBD', NULL, '2024-11-04 03:32:54', '2024-11-04 03:32:54'),
(22, 2, 'Balagbag', 'TBD', 'TBD', NULL, '2024-11-04 03:32:54', '2024-11-04 03:32:54'),
(23, 2, 'Concepcion', 'TBD', 'TBD', NULL, '2024-11-04 03:32:54', '2024-11-04 03:32:54'),
(24, 2, 'Concordia', 'TBD', 'TBD', NULL, '2024-11-04 03:32:54', '2024-11-04 03:32:54'),
(25, 2, 'Dalipit East', 'TBD', 'TBD', NULL, '2024-11-04 03:32:54', '2024-11-04 03:32:54'),
(26, 2, 'Dalipit West', 'TBD', 'TBD', NULL, '2024-11-04 03:32:54', '2024-11-04 03:32:54'),
(27, 2, 'Dominador East', 'TBD', 'TBD', NULL, '2024-11-04 03:32:54', '2024-11-04 03:32:54'),
(28, 2, 'Dominador West', 'TBD', 'TBD', NULL, '2024-11-04 03:32:54', '2024-11-04 03:32:54'),
(29, 2, 'Munlawin Sur', 'TBD', 'TBD', NULL, '2024-11-04 03:32:54', '2024-11-04 03:32:54'),
(30, 2, 'Munlawin Norte', 'TBD', 'TBD', NULL, '2024-11-04 03:32:54', '2024-11-04 03:32:54'),
(31, 2, 'Muzon Primero', 'TBD', 'TBD', NULL, '2024-11-04 03:32:54', '2024-11-04 03:32:54'),
(32, 2, 'Muzon Segundo', 'TBD', 'TBD', NULL, '2024-11-04 03:32:54', '2024-11-04 03:32:54'),
(33, 2, 'Pinagkurusan', 'TBD', 'TBD', NULL, '2024-11-04 03:32:54', '2024-11-04 03:32:54'),
(34, 2, 'Ping-As', 'TBD', 'TBD', NULL, '2024-11-04 03:32:54', '2024-11-04 03:32:54'),
(35, 2, 'Poblacion East', 'TBD', 'TBD', NULL, '2024-11-04 03:32:54', '2024-11-04 03:32:54'),
(36, 2, 'Poblacion West', 'TBD', 'TBD', NULL, '2024-11-04 03:32:54', '2024-11-04 03:32:54'),
(37, 2, 'San Jose', 'TBD', 'TBD', NULL, '2024-11-04 03:32:54', '2024-11-04 03:32:54'),
(38, 2, 'Santa Cruz', 'TBD', 'TBD', NULL, '2024-11-04 03:32:54', '2024-11-04 03:32:54'),
(39, 2, 'Tadlac', 'TBD', 'TBD', NULL, '2024-11-04 03:32:54', '2024-11-04 03:32:54'),
(40, 2, 'San Juan', 'TBD', 'TBD', NULL, '2024-11-04 03:32:54', '2024-11-04 03:32:54'),
(41, 3, 'Baclaran', 'TBD', 'TBD', NULL, '2024-11-04 03:32:54', '2024-11-04 03:32:54'),
(42, 3, 'Barangay 1', 'TBD', 'TBD', NULL, '2024-11-04 03:32:54', '2024-11-04 03:32:54'),
(43, 3, 'Barangay 10', 'TBD', 'TBD', NULL, '2024-11-04 03:32:54', '2024-11-04 03:32:54'),
(44, 3, 'Barangay 11', 'TBD', 'TBD', NULL, '2024-11-04 03:32:54', '2024-11-04 03:32:54'),
(45, 3, 'Barangay 12', 'TBD', 'TBD', NULL, '2024-11-04 03:32:54', '2024-11-04 03:32:54'),
(46, 3, 'Barangay 2', 'TBD', 'TBD', NULL, '2024-11-04 03:32:54', '2024-11-04 03:32:54'),
(47, 3, 'Barangay 3', 'TBD', 'TBD', NULL, '2024-11-04 03:32:54', '2024-11-04 03:32:54'),
(48, 3, 'Barangay 4', 'TBD', 'TBD', NULL, '2024-11-04 03:32:54', '2024-11-04 03:32:54'),
(49, 3, 'Barangay 5', 'TBD', 'TBD', NULL, '2024-11-04 03:32:54', '2024-11-04 03:32:54'),
(50, 3, 'Barangay 6', 'TBD', 'TBD', NULL, '2024-11-04 03:32:54', '2024-11-04 03:32:54'),
(51, 3, 'Barangay 7', 'TBD', 'TBD', NULL, '2024-11-04 03:32:54', '2024-11-04 03:32:54'),
(52, 3, 'Barangay 8', 'TBD', 'TBD', NULL, '2024-11-04 03:32:54', '2024-11-04 03:32:54'),
(53, 3, 'Barangay 9', 'TBD', 'TBD', NULL, '2024-11-04 03:32:54', '2024-11-04 03:32:54'),
(54, 3, 'Calan', 'TBD', 'TBD', NULL, '2024-11-04 03:32:54', '2024-11-04 03:32:54'),
(55, 3, 'Caloocan', 'TBD', 'TBD', NULL, '2024-11-04 03:32:54', '2024-11-04 03:32:54'),
(56, 3, 'Calzada', 'TBD', 'TBD', NULL, '2024-11-04 03:32:54', '2024-11-04 03:32:54'),
(57, 3, 'Canda', 'TBD', 'TBD', NULL, '2024-11-04 03:32:54', '2024-11-04 03:32:54'),
(58, 3, 'Carenahan', 'TBD', 'TBD', NULL, '2024-11-04 03:32:54', '2024-11-04 03:32:54'),
(59, 3, 'Caybunga', 'TBD', 'TBD', NULL, '2024-11-04 03:32:54', '2024-11-04 03:32:54'),
(60, 3, 'Cayponce', 'TBD', 'TBD', NULL, '2024-11-04 03:32:54', '2024-11-04 03:32:54'),
(61, 3, 'Dalig', 'TBD', 'TBD', NULL, '2024-11-04 03:32:54', '2024-11-04 03:32:54'),
(62, 3, 'Dao', 'TBD', 'TBD', NULL, '2024-11-04 03:32:54', '2024-11-04 03:32:54'),
(63, 3, 'Dilao', 'TBD', 'TBD', NULL, '2024-11-04 03:32:54', '2024-11-04 03:32:54'),
(64, 3, 'Duhatan', 'TBD', 'TBD', NULL, '2024-11-04 03:32:54', '2024-11-04 03:32:54'),
(65, 3, 'Durungao', 'TBD', 'TBD', NULL, '2024-11-04 03:32:54', '2024-11-04 03:32:54'),
(66, 3, 'Gimalas', 'TBD', 'TBD', NULL, '2024-11-04 03:32:54', '2024-11-04 03:32:54'),
(67, 3, 'Gumamela', 'TBD', 'TBD', NULL, '2024-11-04 03:32:54', '2024-11-04 03:32:54'),
(68, 3, 'Lagnas', 'TBD', 'TBD', NULL, '2024-11-04 03:32:54', '2024-11-04 03:32:54'),
(69, 3, 'Lanatan', 'TBD', 'TBD', NULL, '2024-11-04 03:32:54', '2024-11-04 03:32:54'),
(70, 3, 'Langgangan', 'TBD', 'TBD', NULL, '2024-11-04 03:32:54', '2024-11-04 03:32:54'),
(71, 3, 'Lucban Putol', 'TBD', 'TBD', NULL, '2024-11-04 03:32:54', '2024-11-04 03:32:54'),
(72, 3, 'Lucban Pook', 'TBD', 'TBD', NULL, '2024-11-04 03:32:54', '2024-11-04 03:32:54'),
(73, 3, 'Magabe', 'TBD', 'TBD', NULL, '2024-11-04 03:32:54', '2024-11-04 03:32:54'),
(74, 3, 'Malalay', 'TBD', 'TBD', NULL, '2024-11-04 03:32:54', '2024-11-04 03:32:54'),
(75, 3, 'Munting Tubig', 'TBD', 'TBD', NULL, '2024-11-04 03:32:54', '2024-11-04 03:32:54'),
(76, 3, 'Navotas', 'TBD', 'TBD', NULL, '2024-11-04 03:32:54', '2024-11-04 03:32:54'),
(77, 3, 'Patugo', 'TBD', 'TBD', NULL, '2024-11-04 03:32:54', '2024-11-04 03:32:54'),
(78, 3, 'Palikpikan', 'TBD', 'TBD', NULL, '2024-11-04 03:32:54', '2024-11-04 03:32:54'),
(79, 3, 'Pooc', 'TBD', 'TBD', NULL, '2024-11-04 03:32:54', '2024-11-04 03:32:54'),
(80, 3, 'Sambat', 'TBD', 'TBD', NULL, '2024-11-04 03:32:54', '2024-11-04 03:32:54'),
(81, 3, 'Sampaga', 'TBD', 'TBD', NULL, '2024-11-04 03:32:54', '2024-11-04 03:32:54'),
(82, 3, 'San Juan', 'TBD', 'TBD', NULL, '2024-11-04 03:32:54', '2024-11-04 03:32:54'),
(83, 3, 'San Piro', 'TBD', 'TBD', NULL, '2024-11-04 03:32:54', '2024-11-04 03:32:54'),
(84, 3, 'Santol', 'TBD', 'TBD', NULL, '2024-11-04 03:32:54', '2024-11-04 03:32:54'),
(85, 3, 'Sukol', 'TBD', 'TBD', NULL, '2024-11-04 03:32:54', '2024-11-04 03:32:54'),
(86, 3, 'Tactac', 'TBD', 'TBD', NULL, '2024-11-04 03:32:54', '2024-11-04 03:32:54'),
(87, 3, 'Taludtud', 'TBD', 'TBD', NULL, '2024-11-04 03:32:54', '2024-11-04 03:32:54'),
(88, 3, 'Tanggoy', 'TBD', 'TBD', NULL, '2024-11-04 03:32:54', '2024-11-04 03:32:54'),
(89, 4, 'Alangilan', 'TBD', 'TBD', NULL, '2024-11-04 03:32:54', '2024-11-04 03:32:54'),
(90, 4, 'Calawit', 'TBD', 'TBD', NULL, '2024-11-04 03:32:54', '2024-11-04 03:32:54'),
(91, 4, 'Looc', 'TBD', 'TBD', NULL, '2024-11-04 03:32:54', '2024-11-04 03:32:54'),
(92, 4, 'Magapi', 'TBD', 'TBD', NULL, '2024-11-04 03:32:54', '2024-11-04 03:32:54'),
(93, 4, 'Makina', 'TBD', 'TBD', NULL, '2024-11-04 03:32:54', '2024-11-04 03:32:54'),
(94, 4, 'Malabanan', 'TBD', 'TBD', NULL, '2024-11-04 03:32:54', '2024-11-04 03:32:54'),
(95, 4, 'Paligawan', 'TBD', 'TBD', NULL, '2024-11-04 03:32:54', '2024-11-04 03:32:54'),
(96, 4, 'Palsara', 'TBD', 'TBD', NULL, '2024-11-04 03:32:54', '2024-11-04 03:32:54'),
(97, 4, 'Poblacion', 'TBD', 'TBD', NULL, '2024-11-04 03:32:54', '2024-11-04 03:32:54'),
(98, 4, 'Sala', 'TBD', 'TBD', NULL, '2024-11-04 03:32:54', '2024-11-04 03:32:54'),
(99, 4, 'Sampalocan', 'TBD', 'TBD', NULL, '2024-11-04 03:32:54', '2024-11-04 03:32:54'),
(100, 4, 'Solis', 'TBD', 'TBD', NULL, '2024-11-04 03:32:54', '2024-11-04 03:32:54'),
(101, 4, 'San Sebastian', 'TBD', 'TBD', NULL, '2024-11-04 03:32:54', '2024-11-04 03:32:54'),
(102, 5, 'Alangilan', 'TBD', 'TBD', NULL, '2024-11-04 03:32:54', '2024-11-04 03:32:54'),
(103, 5, 'Balagtas', 'TBD', 'TBD', NULL, '2024-11-04 03:32:54', '2024-11-04 03:32:54'),
(104, 5, 'Balete', 'TBD', 'TBD', NULL, '2024-11-04 03:32:54', '2024-11-04 03:32:54'),
(105, 5, 'Banaba Center', 'TBD', 'TBD', NULL, '2024-11-04 03:32:54', '2024-11-04 03:32:54'),
(106, 5, 'Banaba Kanluran', 'TBD', 'TBD', NULL, '2024-11-04 03:32:54', '2024-11-04 03:32:54'),
(107, 5, 'Banaba Silangan', 'TBD', 'TBD', NULL, '2024-11-04 03:32:54', '2024-11-04 03:32:54'),
(108, 5, 'Banaba Ibaba', 'TBD', 'TBD', NULL, '2024-11-04 03:32:54', '2024-11-04 03:32:54'),
(109, 5, 'Bilogo', 'TBD', 'TBD', NULL, '2024-11-04 03:32:54', '2024-11-04 03:32:54'),
(110, 5, 'Maapas', 'TBD', 'TBD', NULL, '2024-11-04 03:32:54', '2024-11-04 03:32:54'),
(111, 5, 'Bolbok', 'TBD', 'TBD', NULL, '2024-11-04 03:32:54', '2024-11-04 03:32:54'),
(112, 5, 'Bukal', 'TBD', 'TBD', NULL, '2024-11-04 03:32:54', '2024-11-04 03:32:54'),
(113, 5, 'Calicanto', 'TBD', 'TBD', NULL, '2024-11-04 03:32:54', '2024-11-04 03:32:54'),
(114, 5, 'Catandala', 'TBD', 'TBD', NULL, '2024-11-04 03:32:54', '2024-11-04 03:32:54'),
(115, 5, 'Concepcion', 'TBD', 'TBD', NULL, '2024-11-04 03:32:54', '2024-11-04 03:32:54'),
(116, 5, 'Conde Itaas', 'TBD', 'TBD', NULL, '2024-11-04 03:32:54', '2024-11-04 03:32:54'),
(117, 5, 'Conde Labak', 'TBD', 'TBD', NULL, '2024-11-04 03:32:54', '2024-11-04 03:32:54'),
(118, 5, 'Cuta', 'TBD', 'TBD', NULL, '2024-11-04 03:32:54', '2024-11-04 03:32:54'),
(119, 5, 'Dalig', 'TBD', 'TBD', NULL, '2024-11-04 03:32:54', '2024-11-04 03:32:54'),
(120, 5, 'Dela Paz', 'TBD', 'TBD', NULL, '2024-11-04 03:32:54', '2024-11-04 03:32:54'),
(121, 5, 'Dela Paz Pulot Aplaya', 'TBD', 'TBD', NULL, '2024-11-04 03:32:54', '2024-11-04 03:32:54'),
(122, 5, 'Dela Paz Pulot Itaas', 'TBD', 'TBD', NULL, '2024-11-04 03:32:54', '2024-11-04 03:32:54'),
(123, 5, 'Domoclay', 'TBD', 'TBD', NULL, '2024-11-04 03:32:54', '2024-11-04 03:32:54'),
(124, 5, 'Dumantay', 'TBD', 'TBD', NULL, '2024-11-04 03:32:54', '2024-11-04 03:32:54'),
(125, 5, 'Gulod Itaas', 'TBD', 'TBD', NULL, '2024-11-04 03:32:54', '2024-11-04 03:32:54'),
(126, 5, 'Gulod Labak', 'TBD', 'TBD', NULL, '2024-11-04 03:32:54', '2024-11-04 03:32:54'),
(127, 5, 'Haligue Kanluran', 'TBD', 'TBD', NULL, '2024-11-04 03:32:54', '2024-11-04 03:32:54'),
(128, 5, 'Haligue Silangan', 'TBD', 'TBD', NULL, '2024-11-04 03:32:54', '2024-11-04 03:32:54'),
(129, 5, 'Ilihan', 'TBD', 'TBD', NULL, '2024-11-04 03:32:54', '2024-11-04 03:32:54'),
(130, 5, 'Kumba', 'TBD', 'TBD', NULL, '2024-11-04 03:32:54', '2024-11-04 03:32:54'),
(131, 5, 'Kumintang Ibaba', 'TBD', 'TBD', NULL, '2024-11-04 03:32:54', '2024-11-04 03:32:54'),
(132, 5, 'Kumintang Ilaya', 'TBD', 'TBD', NULL, '2024-11-04 03:32:54', '2024-11-04 03:32:54'),
(133, 5, 'Libjo', 'TBD', 'TBD', NULL, '2024-11-04 03:32:54', '2024-11-04 03:32:54'),
(134, 5, 'Liponpon, Isla Verde', 'TBD', 'TBD', NULL, '2024-11-04 03:32:54', '2024-11-04 03:32:54'),
(135, 5, 'Mahabang Dahilig', 'TBD', 'TBD', NULL, '2024-11-04 03:32:54', '2024-11-04 03:32:54'),
(136, 5, 'Mahabang Parang', 'TBD', 'TBD', NULL, '2024-11-04 03:32:54', '2024-11-04 03:32:54'),
(137, 5, 'Mahacot Silangan', 'TBD', 'TBD', NULL, '2024-11-04 03:32:54', '2024-11-04 03:32:54'),
(138, 5, 'Mahacot Kanluran', 'TBD', 'TBD', NULL, '2024-11-04 03:32:54', '2024-11-04 03:32:54'),
(139, 5, 'Malalim', 'TBD', 'TBD', NULL, '2024-11-04 03:32:54', '2024-11-04 03:32:54'),
(140, 5, 'Malibayo', 'TBD', 'TBD', NULL, '2024-11-04 03:32:54', '2024-11-04 03:32:54'),
(141, 5, 'Malitam', 'TBD', 'TBD', NULL, '2024-11-04 03:32:54', '2024-11-04 03:32:54'),
(142, 5, 'Maruclap', 'TBD', 'TBD', NULL, '2024-11-04 03:32:54', '2024-11-04 03:32:54'),
(143, 5, 'Mabacong', 'TBD', 'TBD', NULL, '2024-11-04 03:32:54', '2024-11-04 03:32:54'),
(144, 5, 'Pagkilatan', 'TBD', 'TBD', NULL, '2024-11-04 03:32:54', '2024-11-04 03:32:54'),
(145, 5, 'Paharang Kanluran', 'TBD', 'TBD', NULL, '2024-11-04 03:32:54', '2024-11-04 03:32:54'),
(146, 5, 'Paharang Silangan', 'TBD', 'TBD', NULL, '2024-11-04 03:32:54', '2024-11-04 03:32:54'),
(147, 5, 'Pallocan Silangan', 'TBD', 'TBD', NULL, '2024-11-04 03:32:54', '2024-11-04 03:32:54'),
(148, 5, 'Pallocan Kanluran', 'TBD', 'TBD', NULL, '2024-11-04 03:32:54', '2024-11-04 03:32:54'),
(149, 5, 'Pinamucan', 'TBD', 'TBD', NULL, '2024-11-04 03:32:54', '2024-11-04 03:32:54'),
(150, 5, 'Pinamucan Ibaba', 'TBD', 'TBD', NULL, '2024-11-04 03:32:54', '2024-11-04 03:32:54'),
(151, 5, 'Pinamucan Silangan', 'TBD', 'TBD', NULL, '2024-11-04 03:32:54', '2024-11-04 03:32:54'),
(152, 5, 'Barangay 1', 'TBD', 'TBD', NULL, '2024-11-04 03:32:54', '2024-11-04 03:32:54'),
(153, 5, 'Barangay 10', 'TBD', 'TBD', NULL, '2024-11-04 03:32:54', '2024-11-04 03:32:54'),
(154, 5, 'Barangay 11', 'TBD', 'TBD', NULL, '2024-11-04 03:32:54', '2024-11-04 03:32:54'),
(155, 5, 'Barangay 12', 'TBD', 'TBD', NULL, '2024-11-04 03:32:54', '2024-11-04 03:32:54'),
(156, 5, 'Barangay 13', 'TBD', 'TBD', NULL, '2024-11-04 03:32:54', '2024-11-04 03:32:54'),
(157, 5, 'Barangay 14', 'TBD', 'TBD', NULL, '2024-11-04 03:32:54', '2024-11-04 03:32:54'),
(158, 5, 'Barangay 15', 'TBD', 'TBD', NULL, '2024-11-04 03:32:54', '2024-11-04 03:32:54'),
(159, 5, 'Barangay 16', 'TBD', 'TBD', NULL, '2024-11-04 03:32:54', '2024-11-04 03:32:54'),
(160, 5, 'Barangay 17', 'TBD', 'TBD', NULL, '2024-11-04 03:32:54', '2024-11-04 03:32:54'),
(161, 5, 'Barangay 18', 'TBD', 'TBD', NULL, '2024-11-04 03:32:54', '2024-11-04 03:32:54'),
(162, 5, 'Barangay 19', 'TBD', 'TBD', NULL, '2024-11-04 03:32:54', '2024-11-04 03:32:54'),
(163, 5, 'Barangay 2', 'TBD', 'TBD', NULL, '2024-11-04 03:32:54', '2024-11-04 03:32:54'),
(164, 5, 'Barangay 20', 'TBD', 'TBD', NULL, '2024-11-04 03:32:54', '2024-11-04 03:32:54'),
(165, 5, 'Barangay 21', 'TBD', 'TBD', NULL, '2024-11-04 03:32:54', '2024-11-04 03:32:54'),
(166, 5, 'Barangay 22', 'TBD', 'TBD', NULL, '2024-11-04 03:32:54', '2024-11-04 03:32:54'),
(167, 5, 'Barangay 23', 'TBD', 'TBD', NULL, '2024-11-04 03:32:54', '2024-11-04 03:32:54'),
(168, 5, 'Barangay 24', 'TBD', 'TBD', NULL, '2024-11-04 03:32:54', '2024-11-04 03:32:54'),
(169, 5, 'Barangay 3', 'TBD', 'TBD', NULL, '2024-11-04 03:32:54', '2024-11-04 03:32:54'),
(170, 5, 'Barangay 4', 'TBD', 'TBD', NULL, '2024-11-04 03:32:54', '2024-11-04 03:32:54'),
(171, 5, 'Barangay 5', 'TBD', 'TBD', NULL, '2024-11-04 03:32:54', '2024-11-04 03:32:54'),
(172, 5, 'Barangay 6', 'TBD', 'TBD', NULL, '2024-11-04 03:32:54', '2024-11-04 03:32:54'),
(173, 5, 'Barangay 7', 'TBD', 'TBD', NULL, '2024-11-04 03:32:54', '2024-11-04 03:32:54'),
(174, 5, 'Barangay 8', 'TBD', 'TBD', NULL, '2024-11-04 03:32:54', '2024-11-04 03:32:54'),
(175, 5, 'Barangay 9', 'TBD', 'TBD', NULL, '2024-11-04 03:32:54', '2024-11-04 03:32:54'),
(176, 5, 'Sampaga', 'TBD', 'TBD', NULL, '2024-11-04 03:32:54', '2024-11-04 03:32:54'),
(177, 5, 'San Agapito, Isla Verde', 'TBD', 'TBD', NULL, '2024-11-04 03:32:54', '2024-11-04 03:32:54'),
(178, 5, 'San Agustin Kanluran, Isla Verde', 'TBD', 'TBD', NULL, '2024-11-04 03:32:54', '2024-11-04 03:32:54'),
(179, 5, 'San Agustin Silangan, Isla Verde', 'TBD', 'TBD', NULL, '2024-11-04 03:32:54', '2024-11-04 03:32:54'),
(180, 5, 'San Andres, Isla Verde', 'TBD', 'TBD', NULL, '2024-11-04 03:32:54', '2024-11-04 03:32:54'),
(181, 5, 'San Antonio, Isla Verde', 'TBD', 'TBD', NULL, '2024-11-04 03:32:54', '2024-11-04 03:32:54'),
(182, 5, 'San Isidro', 'TBD', 'TBD', NULL, '2024-11-04 03:32:54', '2024-11-04 03:32:54'),
(183, 5, 'San Jose Sico', 'TBD', 'TBD', NULL, '2024-11-04 03:32:54', '2024-11-04 03:32:54'),
(184, 5, 'San Miguel', 'TBD', 'TBD', NULL, '2024-11-04 03:32:54', '2024-11-04 03:32:54'),
(185, 5, 'San Pedro', 'TBD', 'TBD', NULL, '2024-11-04 03:32:54', '2024-11-04 03:32:54'),
(186, 5, 'Santa Clara', 'TBD', 'TBD', NULL, '2024-11-04 03:32:54', '2024-11-04 03:32:54'),
(187, 5, 'Santa Rita Aplaya', 'TBD', 'TBD', NULL, '2024-11-04 03:32:54', '2024-11-04 03:32:54'),
(188, 5, 'Santa Rita Karsada', 'TBD', 'TBD', NULL, '2024-11-04 03:32:54', '2024-11-04 03:32:54'),
(189, 5, 'Santo Domingo', 'TBD', 'TBD', NULL, '2024-11-04 03:32:54', '2024-11-04 03:32:54'),
(190, 5, 'Santo Niño', 'TBD', 'TBD', NULL, '2024-11-04 03:32:54', '2024-11-04 03:32:54'),
(191, 5, 'Simlong', 'TBD', 'TBD', NULL, '2024-11-04 03:32:54', '2024-11-04 03:32:54'),
(192, 5, 'Sirang Lupa', 'TBD', 'TBD', NULL, '2024-11-04 03:32:54', '2024-11-04 03:32:54'),
(193, 5, 'Sorosoro Ibaba', 'TBD', 'TBD', NULL, '2024-11-04 03:32:54', '2024-11-04 03:32:54'),
(194, 5, 'Sorosoro Ilaya', 'TBD', 'TBD', NULL, '2024-11-04 03:32:54', '2024-11-04 03:32:54'),
(195, 5, 'Sorosoro Karsada', 'TBD', 'TBD', NULL, '2024-11-04 03:32:54', '2024-11-04 03:32:54'),
(196, 5, 'Tabangao Aplaya', 'TBD', 'TBD', NULL, '2024-11-04 03:32:54', '2024-11-04 03:32:54'),
(197, 5, 'Tabangao Ambulong', 'TBD', 'TBD', NULL, '2024-11-04 03:32:54', '2024-11-04 03:32:54'),
(198, 5, 'Tabangao Dao', 'TBD', 'TBD', NULL, '2024-11-04 03:32:54', '2024-11-04 03:32:54'),
(199, 5, 'Talahib Pandayan', 'TBD', 'TBD', NULL, '2024-11-04 03:32:54', '2024-11-04 03:32:54'),
(200, 5, 'Talahib Payapa', 'TBD', 'TBD', NULL, '2024-11-04 03:32:54', '2024-11-04 03:32:54'),
(201, 5, 'Talumpok Kanluran', 'TBD', 'TBD', NULL, '2024-11-04 03:32:54', '2024-11-04 03:32:54'),
(202, 5, 'Talumpok Silangan', 'TBD', 'TBD', NULL, '2024-11-04 03:32:54', '2024-11-04 03:32:54'),
(203, 5, 'Tinga Itaas', 'TBD', 'TBD', NULL, '2024-11-04 03:32:54', '2024-11-04 03:32:54'),
(204, 5, 'Tinga Labak', 'TBD', 'TBD', NULL, '2024-11-04 03:32:54', '2024-11-04 03:32:54'),
(205, 5, 'Tulo', 'TBD', 'TBD', NULL, '2024-11-04 03:32:54', '2024-11-04 03:32:54'),
(206, 5, 'Wawa', 'TBD', 'TBD', NULL, '2024-11-04 03:32:54', '2024-11-04 03:32:54'),
(207, 6, 'Alagao', 'TBD', 'TBD', NULL, '2024-11-04 03:32:54', '2024-11-04 03:32:54'),
(208, 6, 'Aplaya', 'TBD', 'TBD', NULL, '2024-11-04 03:32:54', '2024-11-04 03:32:54'),
(209, 6, 'As-Is', 'TBD', 'TBD', NULL, '2024-11-04 03:32:54', '2024-11-04 03:32:54'),
(210, 6, 'Bagong Silang', 'TBD', 'TBD', NULL, '2024-11-04 03:32:54', '2024-11-04 03:32:54'),
(211, 6, 'Baguilawa', 'TBD', 'TBD', NULL, '2024-11-04 03:32:54', '2024-11-04 03:32:54'),
(212, 6, 'Balayong', 'TBD', 'TBD', NULL, '2024-11-04 03:32:54', '2024-11-04 03:32:54'),
(213, 6, 'Barangay I', 'TBD', 'TBD', NULL, '2024-11-04 03:32:54', '2024-11-04 03:32:54'),
(214, 6, 'Barangay II', 'TBD', 'TBD', NULL, '2024-11-04 03:32:54', '2024-11-04 03:32:54'),
(215, 6, 'Barangay III', 'TBD', 'TBD', NULL, '2024-11-04 03:32:54', '2024-11-04 03:32:54'),
(216, 6, 'Barangay IV', 'TBD', 'TBD', NULL, '2024-11-04 03:32:54', '2024-11-04 03:32:54'),
(217, 6, 'Bolo', 'TBD', 'TBD', NULL, '2024-11-04 03:32:54', '2024-11-04 03:32:54'),
(218, 6, 'Colvo', 'TBD', 'TBD', NULL, '2024-11-04 03:32:54', '2024-11-04 03:32:54'),
(219, 6, 'Cupang', 'TBD', 'TBD', NULL, '2024-11-04 03:32:54', '2024-11-04 03:32:54'),
(220, 6, 'Durungao', 'TBD', 'TBD', NULL, '2024-11-04 03:32:54', '2024-11-04 03:32:54'),
(221, 6, 'Gulibay', 'TBD', 'TBD', NULL, '2024-11-04 03:32:54', '2024-11-04 03:32:54'),
(222, 6, 'Inicbulan', 'TBD', 'TBD', NULL, '2024-11-04 03:32:54', '2024-11-04 03:32:54'),
(223, 6, 'Locloc', 'TBD', 'TBD', NULL, '2024-11-04 03:32:54', '2024-11-04 03:32:54'),
(224, 6, 'Magalang-Galang', 'TBD', 'TBD', NULL, '2024-11-04 03:32:54', '2024-11-04 03:32:54'),
(225, 6, 'Malindig', 'TBD', 'TBD', NULL, '2024-11-04 03:32:54', '2024-11-04 03:32:54'),
(226, 6, 'Manalupong', 'TBD', 'TBD', NULL, '2024-11-04 03:32:54', '2024-11-04 03:32:54'),
(227, 6, 'Manghinao Proper', 'TBD', 'TBD', NULL, '2024-11-04 03:32:54', '2024-11-04 03:32:54'),
(228, 6, 'Manghinao Uno', 'TBD', 'TBD', NULL, '2024-11-04 03:32:54', '2024-11-04 03:32:54'),
(229, 6, 'New Danglayan', 'TBD', 'TBD', NULL, '2024-11-04 03:32:54', '2024-11-04 03:32:54'),
(230, 6, 'Orense', 'TBD', 'TBD', NULL, '2024-11-04 03:32:54', '2024-11-04 03:32:54'),
(231, 6, 'Pitugo', 'TBD', 'TBD', NULL, '2024-11-04 03:32:54', '2024-11-04 03:32:54'),
(232, 6, 'Rizal', 'TBD', 'TBD', NULL, '2024-11-04 03:32:54', '2024-11-04 03:32:54'),
(233, 6, 'Sampaguita', 'TBD', 'TBD', NULL, '2024-11-04 03:32:54', '2024-11-04 03:32:54'),
(234, 6, 'San Agustin', 'TBD', 'TBD', NULL, '2024-11-04 03:32:54', '2024-11-04 03:32:54'),
(235, 6, 'San Andres Proper', 'TBD', 'TBD', NULL, '2024-11-04 03:32:54', '2024-11-04 03:32:54'),
(236, 6, 'San Andres Uno', 'TBD', 'TBD', NULL, '2024-11-04 03:32:54', '2024-11-04 03:32:54'),
(237, 6, 'San Diego', 'TBD', 'TBD', NULL, '2024-11-04 03:32:54', '2024-11-04 03:32:54'),
(238, 6, 'San Miguel', 'TBD', 'TBD', NULL, '2024-11-04 03:32:54', '2024-11-04 03:32:54'),
(239, 6, 'San Pablo', 'TBD', 'TBD', NULL, '2024-11-04 03:32:54', '2024-11-04 03:32:54'),
(240, 6, 'San Pedro', 'TBD', 'TBD', NULL, '2024-11-04 03:32:54', '2024-11-04 03:32:54'),
(241, 6, 'San Roque', 'TBD', 'TBD', NULL, '2024-11-04 03:32:54', '2024-11-04 03:32:54'),
(242, 6, 'San Teodoro', 'TBD', 'TBD', NULL, '2024-11-04 03:32:54', '2024-11-04 03:32:54'),
(243, 6, 'San Vicente', 'TBD', 'TBD', NULL, '2024-11-04 03:32:54', '2024-11-04 03:32:54'),
(244, 6, 'Santa Maria', 'TBD', 'TBD', NULL, '2024-11-04 03:32:54', '2024-11-04 03:32:54'),
(245, 6, 'Santo Domingo', 'TBD', 'TBD', NULL, '2024-11-04 03:32:54', '2024-11-04 03:32:54'),
(246, 6, 'Sinala', 'TBD', 'TBD', NULL, '2024-11-04 03:32:54', '2024-11-04 03:32:54'),
(247, 7, 'Bagong Tubig', 'TBD', 'TBD', NULL, '2024-11-04 03:32:54', '2024-11-04 03:32:54'),
(248, 7, 'Baclas', 'TBD', 'TBD', NULL, '2024-11-04 03:32:54', '2024-11-04 03:32:54'),
(249, 7, 'Balimbing', 'TBD', 'TBD', NULL, '2024-11-04 03:32:54', '2024-11-04 03:32:54'),
(250, 7, 'Bambang', 'TBD', 'TBD', NULL, '2024-11-04 03:32:54', '2024-11-04 03:32:54'),
(251, 7, 'Barangay 1', 'TBD', 'TBD', NULL, '2024-11-04 03:32:54', '2024-11-04 03:32:54'),
(252, 7, 'Barangay 2', 'TBD', 'TBD', NULL, '2024-11-04 03:32:54', '2024-11-04 03:32:54'),
(253, 7, 'Barangay 3', 'TBD', 'TBD', NULL, '2024-11-04 03:32:54', '2024-11-04 03:32:54'),
(254, 7, 'Barangay 4', 'TBD', 'TBD', NULL, '2024-11-04 03:32:54', '2024-11-04 03:32:54'),
(255, 7, 'Barangay 5', 'TBD', 'TBD', NULL, '2024-11-04 03:32:54', '2024-11-04 03:32:54'),
(256, 7, 'Barangay 6', 'TBD', 'TBD', NULL, '2024-11-04 03:32:54', '2024-11-04 03:32:54'),
(257, 7, 'Bisaya', 'TBD', 'TBD', NULL, '2024-11-04 03:32:54', '2024-11-04 03:32:54'),
(258, 7, 'Cahil', 'TBD', 'TBD', NULL, '2024-11-04 03:32:54', '2024-11-04 03:32:54'),
(259, 7, 'Caluangan', 'TBD', 'TBD', NULL, '2024-11-04 03:32:54', '2024-11-04 03:32:54'),
(260, 7, 'Calantas', 'TBD', 'TBD', NULL, '2024-11-04 03:32:54', '2024-11-04 03:32:54'),
(261, 7, 'Camastilisan', 'TBD', 'TBD', NULL, '2024-11-04 03:32:54', '2024-11-04 03:32:54'),
(262, 7, 'Coral Ni Lopez', 'TBD', 'TBD', NULL, '2024-11-04 03:32:54', '2024-11-04 03:32:54'),
(263, 7, 'Coral Ni Bacal', 'TBD', 'TBD', NULL, '2024-11-04 03:32:54', '2024-11-04 03:32:54'),
(264, 7, 'Dacanlao', 'TBD', 'TBD', NULL, '2024-11-04 03:32:54', '2024-11-04 03:32:54'),
(265, 7, 'Dila', 'TBD', 'TBD', NULL, '2024-11-04 03:32:54', '2024-11-04 03:32:54'),
(266, 7, 'Loma', 'TBD', 'TBD', NULL, '2024-11-04 03:32:54', '2024-11-04 03:32:54'),
(267, 7, 'Lumbang Calzada', 'TBD', 'TBD', NULL, '2024-11-04 03:32:54', '2024-11-04 03:32:54'),
(268, 7, 'Lumbang Na Bata', 'TBD', 'TBD', NULL, '2024-11-04 03:32:54', '2024-11-04 03:32:54'),
(269, 7, 'Lumbang Na Matanda', 'TBD', 'TBD', NULL, '2024-11-04 03:32:54', '2024-11-04 03:32:54'),
(270, 7, 'Madalunot', 'TBD', 'TBD', NULL, '2024-11-04 03:32:54', '2024-11-04 03:32:54'),
(271, 7, 'Makina', 'TBD', 'TBD', NULL, '2024-11-04 03:32:54', '2024-11-04 03:32:54'),
(272, 7, 'Matipok', 'TBD', 'TBD', NULL, '2024-11-04 03:32:54', '2024-11-04 03:32:54'),
(273, 7, 'Munting Coral', 'TBD', 'TBD', NULL, '2024-11-04 03:32:54', '2024-11-04 03:32:54'),
(274, 7, 'Niyugan', 'TBD', 'TBD', NULL, '2024-11-04 03:32:54', '2024-11-04 03:32:54'),
(275, 7, 'Pantay', 'TBD', 'TBD', NULL, '2024-11-04 03:32:54', '2024-11-04 03:32:54'),
(276, 7, 'Puting Bato West', 'TBD', 'TBD', NULL, '2024-11-04 03:32:54', '2024-11-04 03:32:54'),
(277, 7, 'Puting Kahoy', 'TBD', 'TBD', NULL, '2024-11-04 03:32:54', '2024-11-04 03:32:54'),
(278, 7, 'Puting Bato East', 'TBD', 'TBD', NULL, '2024-11-04 03:32:54', '2024-11-04 03:32:54'),
(279, 7, 'Quisumbing', 'TBD', 'TBD', NULL, '2024-11-04 03:32:54', '2024-11-04 03:32:54'),
(280, 7, 'Salong', 'TBD', 'TBD', NULL, '2024-11-04 03:32:54', '2024-11-04 03:32:54'),
(281, 7, 'San Rafael', 'TBD', 'TBD', NULL, '2024-11-04 03:32:54', '2024-11-04 03:32:54'),
(282, 7, 'Sinisian', 'TBD', 'TBD', NULL, '2024-11-04 03:32:54', '2024-11-04 03:32:54'),
(283, 7, 'Taklang Anak', 'TBD', 'TBD', NULL, '2024-11-04 03:32:54', '2024-11-04 03:32:54'),
(284, 7, 'Talisay', 'TBD', 'TBD', NULL, '2024-11-04 03:32:54', '2024-11-04 03:32:54'),
(285, 7, 'Tamayo', 'TBD', 'TBD', NULL, '2024-11-04 03:32:54', '2024-11-04 03:32:54'),
(286, 7, 'Timbain', 'TBD', 'TBD', NULL, '2024-11-04 03:32:54', '2024-11-04 03:32:54'),
(287, 8, 'Bagong Silang', 'TBD', 'TBD', NULL, '2024-11-04 03:32:54', '2024-11-04 03:32:54'),
(288, 8, 'Baha', 'TBD', 'TBD', NULL, '2024-11-04 03:32:54', '2024-11-04 03:32:54'),
(289, 8, 'Balibago', 'TBD', 'TBD', NULL, '2024-11-04 03:32:54', '2024-11-04 03:32:54'),
(290, 8, 'Balitoc', 'TBD', 'TBD', NULL, '2024-11-04 03:32:54', '2024-11-04 03:32:54'),
(291, 8, 'Biga', 'TBD', 'TBD', NULL, '2024-11-04 03:32:54', '2024-11-04 03:32:54'),
(292, 8, 'Bucal', 'TBD', 'TBD', NULL, '2024-11-04 03:32:54', '2024-11-04 03:32:54'),
(293, 8, 'Carlosa', 'TBD', 'TBD', NULL, '2024-11-04 03:32:54', '2024-11-04 03:32:54'),
(294, 8, 'Carretunan', 'TBD', 'TBD', NULL, '2024-11-04 03:32:54', '2024-11-04 03:32:54'),
(295, 8, 'Encarnacion', 'TBD', 'TBD', NULL, '2024-11-04 03:32:54', '2024-11-04 03:32:54'),
(296, 8, 'Gulod', 'TBD', 'TBD', NULL, '2024-11-04 03:32:54', '2024-11-04 03:32:54'),
(297, 8, 'Hukay', 'TBD', 'TBD', NULL, '2024-11-04 03:32:54', '2024-11-04 03:32:54'),
(298, 8, 'Lucsuhin', 'TBD', 'TBD', NULL, '2024-11-04 03:32:54', '2024-11-04 03:32:54'),
(299, 8, 'Luya', 'TBD', 'TBD', NULL, '2024-11-04 03:32:54', '2024-11-04 03:32:54'),
(300, 8, 'Paraiso', 'TBD', 'TBD', NULL, '2024-11-04 03:32:54', '2024-11-04 03:32:54'),
(301, 8, 'Barangay 1', 'TBD', 'TBD', NULL, '2024-11-04 03:32:54', '2024-11-04 03:32:54'),
(302, 8, 'Barangay 2', 'TBD', 'TBD', NULL, '2024-11-04 03:32:54', '2024-11-04 03:32:54'),
(303, 8, 'Barangay 3', 'TBD', 'TBD', NULL, '2024-11-04 03:32:54', '2024-11-04 03:32:54'),
(304, 8, 'Barangay 4', 'TBD', 'TBD', NULL, '2024-11-04 03:32:54', '2024-11-04 03:32:54'),
(305, 8, 'Quilitisan', 'TBD', 'TBD', NULL, '2024-11-04 03:32:54', '2024-11-04 03:32:54'),
(306, 8, 'Real', 'TBD', 'TBD', NULL, '2024-11-04 03:32:54', '2024-11-04 03:32:54'),
(307, 8, 'Sambungan', 'TBD', 'TBD', NULL, '2024-11-04 03:32:54', '2024-11-04 03:32:54'),
(308, 8, 'Santa Ana', 'TBD', 'TBD', NULL, '2024-11-04 03:32:54', '2024-11-04 03:32:54'),
(309, 8, 'Talibayog', 'TBD', 'TBD', NULL, '2024-11-04 03:32:54', '2024-11-04 03:32:54'),
(310, 8, 'Talisay', 'TBD', 'TBD', NULL, '2024-11-04 03:32:54', '2024-11-04 03:32:54'),
(311, 8, 'Tanagan', 'TBD', 'TBD', NULL, '2024-11-04 03:32:54', '2024-11-04 03:32:54'),
(312, 9, 'Balagbag', 'TBD', 'TBD', NULL, '2024-11-04 03:32:54', '2024-11-04 03:32:54'),
(313, 9, 'Bungahan', 'TBD', 'TBD', NULL, '2024-11-04 03:32:54', '2024-11-04 03:32:54'),
(314, 9, 'Calumayin', 'TBD', 'TBD', NULL, '2024-11-04 03:32:54', '2024-11-04 03:32:54'),
(315, 9, 'Dalipit East', 'TBD', 'TBD', NULL, '2024-11-04 03:32:54', '2024-11-04 03:32:54'),
(316, 9, 'Dalipit West', 'TBD', 'TBD', NULL, '2024-11-04 03:32:54', '2024-11-04 03:32:54'),
(317, 9, 'Dita', 'TBD', 'TBD', NULL, '2024-11-04 03:32:54', '2024-11-04 03:32:54'),
(318, 9, 'Don Juan', 'TBD', 'TBD', NULL, '2024-11-04 03:32:54', '2024-11-04 03:32:54'),
(319, 9, 'Emmanuel', 'TBD', 'TBD', NULL, '2024-11-04 03:32:54', '2024-11-04 03:32:54'),
(320, 9, 'Ibabao', 'TBD', 'TBD', NULL, '2024-11-04 03:32:54', '2024-11-04 03:32:54'),
(321, 9, 'Labac', 'TBD', 'TBD', NULL, '2024-11-04 03:32:54', '2024-11-04 03:32:54'),
(322, 9, 'Pinagkaisahan', 'TBD', 'TBD', NULL, '2024-11-04 03:32:54', '2024-11-04 03:32:54'),
(323, 9, 'San Felipe', 'TBD', 'TBD', NULL, '2024-11-04 03:32:54', '2024-11-04 03:32:54'),
(324, 9, 'San Isidro', 'TBD', 'TBD', NULL, '2024-11-04 03:32:54', '2024-11-04 03:32:54'),
(325, 9, 'Barangay 1', 'TBD', 'TBD', NULL, '2024-11-04 03:32:54', '2024-11-04 03:32:54'),
(326, 9, 'Barangay 2', 'TBD', 'TBD', NULL, '2024-11-04 03:32:54', '2024-11-04 03:32:54'),
(327, 9, 'Barangay 3', 'TBD', 'TBD', NULL, '2024-11-04 03:32:54', '2024-11-04 03:32:54'),
(328, 9, 'Barangay 4', 'TBD', 'TBD', NULL, '2024-11-04 03:32:54', '2024-11-04 03:32:54'),
(329, 9, 'Barangay 5', 'TBD', 'TBD', NULL, '2024-11-04 03:32:54', '2024-11-04 03:32:54'),
(330, 9, 'Barangay 6', 'TBD', 'TBD', NULL, '2024-11-04 03:32:54', '2024-11-04 03:32:54'),
(331, 9, 'Barangay 7', 'TBD', 'TBD', NULL, '2024-11-04 03:32:54', '2024-11-04 03:32:54'),
(332, 9, 'Barangay 8', 'TBD', 'TBD', NULL, '2024-11-04 03:32:54', '2024-11-04 03:32:54'),
(333, 10, 'Bago', 'TBD', 'TBD', NULL, '2024-11-04 03:32:54', '2024-11-04 03:32:54'),
(334, 10, 'Balanga', 'TBD', 'TBD', NULL, '2024-11-04 03:32:54', '2024-11-04 03:32:54'),
(335, 10, 'Bungahan', 'TBD', 'TBD', NULL, '2024-11-04 03:32:54', '2024-11-04 03:32:54'),
(336, 10, 'Calamias', 'TBD', 'TBD', NULL, '2024-11-04 03:32:54', '2024-11-04 03:32:54'),
(337, 10, 'Catandala', 'TBD', 'TBD', NULL, '2024-11-04 03:32:54', '2024-11-04 03:32:54'),
(338, 10, 'Coliat', 'TBD', 'TBD', NULL, '2024-11-04 03:32:54', '2024-11-04 03:32:54'),
(339, 10, 'Dayapan', 'TBD', 'TBD', NULL, '2024-11-04 03:32:54', '2024-11-04 03:32:54'),
(340, 10, 'Lapu-lapu', 'TBD', 'TBD', NULL, '2024-11-04 03:32:54', '2024-11-04 03:32:54'),
(341, 10, 'Lucsuhin', 'TBD', 'TBD', NULL, '2024-11-04 03:32:54', '2024-11-04 03:32:54'),
(342, 10, 'Mabalor', 'TBD', 'TBD', NULL, '2024-11-04 03:32:54', '2024-11-04 03:32:54'),
(343, 10, 'Malainin', 'TBD', 'TBD', NULL, '2024-11-04 03:32:54', '2024-11-04 03:32:54'),
(344, 10, 'Matala', 'TBD', 'TBD', NULL, '2024-11-04 03:32:54', '2024-11-04 03:32:54'),
(345, 10, 'Munting-Tubig', 'TBD', 'TBD', NULL, '2024-11-04 03:32:54', '2024-11-04 03:32:54'),
(346, 10, 'Palindan', 'TBD', 'TBD', NULL, '2024-11-04 03:32:54', '2024-11-04 03:32:54'),
(347, 10, 'Pangao', 'TBD', 'TBD', NULL, '2024-11-04 03:32:54', '2024-11-04 03:32:54'),
(348, 10, 'Panghayaan', 'TBD', 'TBD', NULL, '2024-11-04 03:32:54', '2024-11-04 03:32:54'),
(349, 10, 'Poblacion', 'TBD', 'TBD', NULL, '2024-11-04 03:32:54', '2024-11-04 03:32:54'),
(350, 10, 'Quilo', 'TBD', 'TBD', NULL, '2024-11-04 03:32:54', '2024-11-04 03:32:54'),
(351, 10, 'Sabang', 'TBD', 'TBD', NULL, '2024-11-04 03:32:54', '2024-11-04 03:32:54'),
(352, 10, 'Salaban I', 'TBD', 'TBD', NULL, '2024-11-04 03:32:54', '2024-11-04 03:32:54'),
(353, 10, 'San Agustin', 'TBD', 'TBD', NULL, '2024-11-04 03:32:54', '2024-11-04 03:32:54'),
(354, 10, 'Sandalan', 'TBD', 'TBD', NULL, '2024-11-04 03:32:54', '2024-11-04 03:32:54'),
(355, 10, 'Santo Niño', 'TBD', 'TBD', NULL, '2024-11-04 03:32:54', '2024-11-04 03:32:54'),
(356, 10, 'Talaibon', 'TBD', 'TBD', NULL, '2024-11-04 03:32:54', '2024-11-04 03:32:54'),
(357, 10, 'Tulay Na Patpat', 'TBD', 'TBD', NULL, '2024-11-04 03:32:54', '2024-11-04 03:32:54'),
(358, 10, 'Salaban II', 'TBD', 'TBD', NULL, '2024-11-04 03:32:54', '2024-11-04 03:32:54'),
(359, 11, 'As-Is', 'TBD', 'TBD', NULL, '2024-11-04 03:32:54', '2024-11-04 03:32:54'),
(360, 11, 'Balakilong', 'TBD', 'TBD', NULL, '2024-11-04 03:32:54', '2024-11-04 03:32:54'),
(361, 11, 'Berinayan', 'TBD', 'TBD', NULL, '2024-11-04 03:32:54', '2024-11-04 03:32:54'),
(362, 11, 'Bugaan East', 'TBD', 'TBD', NULL, '2024-11-04 03:32:54', '2024-11-04 03:32:54'),
(363, 11, 'Bugaan West', 'TBD', 'TBD', NULL, '2024-11-04 03:32:54', '2024-11-04 03:32:54'),
(364, 11, 'Buso-buso', 'TBD', 'TBD', NULL, '2024-11-04 03:32:54', '2024-11-04 03:32:54'),
(365, 11, 'Dayap Itaas', 'TBD', 'TBD', NULL, '2024-11-04 03:32:54', '2024-11-04 03:32:54'),
(366, 11, 'Gulod', 'TBD', 'TBD', NULL, '2024-11-04 03:32:54', '2024-11-04 03:32:54'),
(367, 11, 'J. Leviste', 'TBD', 'TBD', NULL, '2024-11-04 03:32:54', '2024-11-04 03:32:54'),
(368, 11, 'Molinete', 'TBD', 'TBD', NULL, '2024-11-04 03:32:54', '2024-11-04 03:32:54'),
(369, 11, 'Niyugan', 'TBD', 'TBD', NULL, '2024-11-04 03:32:54', '2024-11-04 03:32:54'),
(370, 11, 'Paliparan', 'TBD', 'TBD', NULL, '2024-11-04 03:32:54', '2024-11-04 03:32:54'),
(371, 11, 'Barangay 1', 'TBD', 'TBD', NULL, '2024-11-04 03:32:54', '2024-11-04 03:32:54'),
(372, 11, 'Barangay 2', 'TBD', 'TBD', NULL, '2024-11-04 03:32:54', '2024-11-04 03:32:54'),
(373, 11, 'Barangay 3', 'TBD', 'TBD', NULL, '2024-11-04 03:32:54', '2024-11-04 03:32:54'),
(374, 11, 'Barangay 4', 'TBD', 'TBD', NULL, '2024-11-04 03:32:54', '2024-11-04 03:32:54'),
(375, 11, 'Barangay 5', 'TBD', 'TBD', NULL, '2024-11-04 03:32:54', '2024-11-04 03:32:54'),
(376, 11, 'San Gabriel', 'TBD', 'TBD', NULL, '2024-11-04 03:32:54', '2024-11-04 03:32:54'),
(377, 11, 'San Gregorio', 'TBD', 'TBD', NULL, '2024-11-04 03:32:54', '2024-11-04 03:32:54'),
(378, 11, 'Santa Maria', 'TBD', 'TBD', NULL, '2024-11-04 03:32:54', '2024-11-04 03:32:54'),
(379, 11, 'Ticub', 'TBD', 'TBD', NULL, '2024-11-04 03:32:54', '2024-11-04 03:32:54'),
(380, 12, 'Anak-Dagat', 'TBD', 'TBD', NULL, '2024-11-04 03:32:54', '2024-11-04 03:32:54'),
(381, 12, 'Arumahan', 'TBD', 'TBD', NULL, '2024-11-04 03:32:54', '2024-11-04 03:32:54'),
(382, 12, 'Ayao-iyao', 'TBD', 'TBD', NULL, '2024-11-04 03:32:54', '2024-11-04 03:32:54'),
(383, 12, 'Bagong Pook', 'TBD', 'TBD', NULL, '2024-11-04 03:32:54', '2024-11-04 03:32:54'),
(384, 12, 'Bagong Sikat', 'TBD', 'TBD', NULL, '2024-11-04 03:32:54', '2024-11-04 03:32:54'),
(385, 12, 'Balanga', 'TBD', 'TBD', NULL, '2024-11-04 03:32:54', '2024-11-04 03:32:54'),
(386, 12, 'Bukal', 'TBD', 'TBD', NULL, '2024-11-04 03:32:54', '2024-11-04 03:32:54'),
(387, 12, 'Cahilan I', 'TBD', 'TBD', NULL, '2024-11-04 03:32:54', '2024-11-04 03:32:54'),
(388, 12, 'Cahilan II', 'TBD', 'TBD', NULL, '2024-11-04 03:32:54', '2024-11-04 03:32:54'),
(389, 12, 'Dayapan', 'TBD', 'TBD', NULL, '2024-11-04 03:32:54', '2024-11-04 03:32:54'),
(390, 12, 'Dita', 'TBD', 'TBD', NULL, '2024-11-04 03:32:54', '2024-11-04 03:32:54'),
(391, 12, 'Gulod', 'TBD', 'TBD', NULL, '2024-11-04 03:32:54', '2024-11-04 03:32:54'),
(392, 12, 'Lucky', 'TBD', 'TBD', NULL, '2024-11-04 03:32:54', '2024-11-04 03:32:54'),
(393, 12, 'Maguihan', 'TBD', 'TBD', NULL, '2024-11-04 03:32:54', '2024-11-04 03:32:54'),
(394, 12, 'Mahabang Dahilig', 'TBD', 'TBD', NULL, '2024-11-04 03:32:54', '2024-11-04 03:32:54'),
(395, 12, 'Mahayahay', 'TBD', 'TBD', NULL, '2024-11-04 03:32:54', '2024-11-04 03:32:54'),
(396, 12, 'Maigsing Dahilig', 'TBD', 'TBD', NULL, '2024-11-04 03:32:54', '2024-11-04 03:32:54'),
(397, 12, 'Maligaya', 'TBD', 'TBD', NULL, '2024-11-04 03:32:54', '2024-11-04 03:32:54'),
(398, 12, 'Malinis', 'TBD', 'TBD', NULL, '2024-11-04 03:32:54', '2024-11-04 03:32:54'),
(399, 12, 'Masalisi', 'TBD', 'TBD', NULL, '2024-11-04 03:32:54', '2024-11-04 03:32:54'),
(400, 12, 'Mataas Na Bayan', 'TBD', 'TBD', NULL, '2024-11-04 03:32:54', '2024-11-04 03:32:54'),
(401, 12, 'Matingain I', 'TBD', 'TBD', NULL, '2024-11-04 03:32:54', '2024-11-04 03:32:54'),
(402, 12, 'Matingain II', 'TBD', 'TBD', NULL, '2024-11-04 03:32:54', '2024-11-04 03:32:54'),
(403, 12, 'Mayasang', 'TBD', 'TBD', NULL, '2024-11-04 03:32:54', '2024-11-04 03:32:54'),
(404, 12, 'Niugan', 'TBD', 'TBD', NULL, '2024-11-04 03:32:54', '2024-11-04 03:32:54'),
(405, 12, 'Nonong Casto', 'TBD', 'TBD', NULL, '2024-11-04 03:32:54', '2024-11-04 03:32:54'),
(406, 12, 'Palanas', 'TBD', 'TBD', NULL, '2024-11-04 03:32:54', '2024-11-04 03:32:54'),
(407, 12, 'Payapa Ibaba', 'TBD', 'TBD', NULL, '2024-11-04 03:32:54', '2024-11-04 03:32:54'),
(408, 12, 'Payapa Ilaya', 'TBD', 'TBD', NULL, '2024-11-04 03:32:54', '2024-11-04 03:32:54'),
(409, 12, 'District I', 'TBD', 'TBD', NULL, '2024-11-04 03:32:54', '2024-11-04 03:32:54'),
(410, 12, 'District II', 'TBD', 'TBD', NULL, '2024-11-04 03:32:54', '2024-11-04 03:32:54'),
(411, 12, 'District III', 'TBD', 'TBD', NULL, '2024-11-04 03:32:54', '2024-11-04 03:32:54'),
(412, 12, 'District IV', 'TBD', 'TBD', NULL, '2024-11-04 03:32:54', '2024-11-04 03:32:54'),
(413, 12, 'Rizal', 'TBD', 'TBD', NULL, '2024-11-04 03:32:54', '2024-11-04 03:32:54'),
(414, 12, 'Sambal Ibaba', 'TBD', 'TBD', NULL, '2024-11-04 03:32:54', '2024-11-04 03:32:54'),
(415, 12, 'Sambal Ilaya', 'TBD', 'TBD', NULL, '2024-11-04 03:32:54', '2024-11-04 03:32:54'),
(416, 12, 'San Isidro Ibaba', 'TBD', 'TBD', NULL, '2024-11-04 03:32:54', '2024-11-04 03:32:54'),
(417, 12, 'San Isidro Itaas', 'TBD', 'TBD', NULL, '2024-11-04 03:32:54', '2024-11-04 03:32:54'),
(418, 12, 'Sangalang', 'TBD', 'TBD', NULL, '2024-11-04 03:32:54', '2024-11-04 03:32:54'),
(419, 12, 'Talaga', 'TBD', 'TBD', NULL, '2024-11-04 03:32:54', '2024-11-04 03:32:54'),
(420, 12, 'Tubigan', 'TBD', 'TBD', NULL, '2024-11-04 03:32:54', '2024-11-04 03:32:54'),
(421, 12, 'Tubuan', 'TBD', 'TBD', NULL, '2024-11-04 03:32:54', '2024-11-04 03:32:54'),
(422, 12, 'Wawa Ibaba', 'TBD', 'TBD', NULL, '2024-11-04 03:32:54', '2024-11-04 03:32:54'),
(423, 12, 'Wawa Ilaya', 'TBD', 'TBD', NULL, '2024-11-04 03:32:54', '2024-11-04 03:32:54'),
(424, 12, 'Sinisian East', 'TBD', 'TBD', NULL, '2024-11-04 03:32:54', '2024-11-04 03:32:54'),
(425, 12, 'Sinisian West', 'TBD', 'TBD', NULL, '2024-11-04 03:32:54', '2024-11-04 03:32:54'),
(426, 13, 'Bagong Pook', 'TBD', 'TBD', NULL, '2024-11-04 03:32:54', '2024-11-04 03:32:54'),
(427, 13, 'Balibago', 'TBD', 'TBD', NULL, '2024-11-04 03:32:54', '2024-11-04 03:32:54'),
(428, 13, 'Binubusan', 'TBD', 'TBD', NULL, '2024-11-04 03:32:54', '2024-11-04 03:32:54'),
(429, 13, 'Bungahan', 'TBD', 'TBD', NULL, '2024-11-04 03:32:54', '2024-11-04 03:32:54'),
(430, 13, 'Cumba', 'TBD', 'TBD', NULL, '2024-11-04 03:32:54', '2024-11-04 03:32:54'),
(431, 13, 'Humayingan', 'TBD', 'TBD', NULL, '2024-11-04 03:32:54', '2024-11-04 03:32:54'),
(432, 13, 'Kapito', 'TBD', 'TBD', NULL, '2024-11-04 03:32:54', '2024-11-04 03:32:54'),
(433, 13, 'Lumaniag', 'TBD', 'TBD', NULL, '2024-11-04 03:32:54', '2024-11-04 03:32:54'),
(434, 13, 'Luyahan', 'TBD', 'TBD', NULL, '2024-11-04 03:32:54', '2024-11-04 03:32:54'),
(435, 13, 'Malaruhatan', 'TBD', 'TBD', NULL, '2024-11-04 03:32:54', '2024-11-04 03:32:54'),
(436, 13, 'Matabungkay', 'TBD', 'TBD', NULL, '2024-11-04 03:32:54', '2024-11-04 03:32:54'),
(437, 13, 'Barangay 1', 'TBD', 'TBD', NULL, '2024-11-04 03:32:54', '2024-11-04 03:32:54'),
(438, 13, 'Barangay 2', 'TBD', 'TBD', NULL, '2024-11-04 03:32:54', '2024-11-04 03:32:54'),
(439, 13, 'Barangay 3', 'TBD', 'TBD', NULL, '2024-11-04 03:32:54', '2024-11-04 03:32:54'),
(440, 13, 'Barangay 4', 'TBD', 'TBD', NULL, '2024-11-04 03:32:54', '2024-11-04 03:32:54'),
(441, 13, 'Barangay 5', 'TBD', 'TBD', NULL, '2024-11-04 03:32:54', '2024-11-04 03:32:54'),
(442, 13, 'Prenza', 'TBD', 'TBD', NULL, '2024-11-04 03:32:54', '2024-11-04 03:32:54'),
(443, 13, 'Puting-Kahoy', 'TBD', 'TBD', NULL, '2024-11-04 03:32:54', '2024-11-04 03:32:54'),
(444, 13, 'San Diego', 'TBD', 'TBD', NULL, '2024-11-04 03:32:54', '2024-11-04 03:32:54'),
(445, 14, 'Adya', 'TBD', 'TBD', NULL, '2024-11-04 03:32:54', '2024-11-04 03:32:54'),
(446, 14, 'Anilao', 'TBD', 'TBD', NULL, '2024-11-04 03:32:54', '2024-11-04 03:32:54'),
(447, 14, 'Anilao-Labac', 'TBD', 'TBD', NULL, '2024-11-04 03:32:54', '2024-11-04 03:32:54'),
(448, 14, 'Antipolo Del Norte', 'TBD', 'TBD', NULL, '2024-11-04 03:32:54', '2024-11-04 03:32:54'),
(449, 14, 'Antipolo Del Sur', 'TBD', 'TBD', NULL, '2024-11-04 03:32:54', '2024-11-04 03:32:54'),
(450, 14, 'Bagong Pook', 'TBD', 'TBD', NULL, '2024-11-04 03:32:54', '2024-11-04 03:32:54'),
(451, 14, 'San Sebastian', 'TBD', 'TBD', NULL, '2024-11-04 03:32:54', '2024-11-04 03:32:54'),
(452, 14, 'Balintawak', 'TBD', 'TBD', NULL, '2024-11-04 03:32:54', '2024-11-04 03:32:54'),
(453, 14, 'Banaybanay', 'TBD', 'TBD', NULL, '2024-11-04 03:32:54', '2024-11-04 03:32:54'),
(454, 14, 'Bolbok', 'TBD', 'TBD', NULL, '2024-11-04 03:32:54', '2024-11-04 03:32:54'),
(455, 14, 'Bugtong na Pulo', 'TBD', 'TBD', NULL, '2024-11-04 03:32:54', '2024-11-04 03:32:54'),
(456, 14, 'Bulacnin', 'TBD', 'TBD', NULL, '2024-11-04 03:32:54', '2024-11-04 03:32:54'),
(457, 14, 'Bulaklakan', 'TBD', 'TBD', NULL, '2024-11-04 03:32:54', '2024-11-04 03:32:54'),
(458, 14, 'Calamias', 'TBD', 'TBD', NULL, '2024-11-04 03:32:54', '2024-11-04 03:32:54'),
(459, 14, 'Cumba', 'TBD', 'TBD', NULL, '2024-11-04 03:32:54', '2024-11-04 03:32:54'),
(460, 14, 'Dagatan', 'TBD', 'TBD', NULL, '2024-11-04 03:32:54', '2024-11-04 03:32:54'),
(461, 14, 'Duhatan', 'TBD', 'TBD', NULL, '2024-11-04 03:32:54', '2024-11-04 03:32:54'),
(462, 14, 'Halang', 'TBD', 'TBD', NULL, '2024-11-04 03:32:54', '2024-11-04 03:32:54'),
(463, 14, 'Inosloban', 'TBD', 'TBD', NULL, '2024-11-04 03:32:54', '2024-11-04 03:32:54'),
(464, 14, 'Kayumanggi', 'TBD', 'TBD', NULL, '2024-11-04 03:32:54', '2024-11-04 03:32:54'),
(465, 14, 'Latag', 'TBD', 'TBD', NULL, '2024-11-04 03:32:54', '2024-11-04 03:32:54'),
(466, 14, 'Lodlod', 'TBD', 'TBD', NULL, '2024-11-04 03:32:54', '2024-11-04 03:32:54'),
(467, 14, 'Lumbang', 'TBD', 'TBD', NULL, '2024-11-04 03:32:54', '2024-11-04 03:32:54'),
(468, 14, 'Mabini', 'TBD', 'TBD', NULL, '2024-11-04 03:32:54', '2024-11-04 03:32:54'),
(469, 14, 'Malagonlong', 'TBD', 'TBD', NULL, '2024-11-04 03:32:54', '2024-11-04 03:32:54'),
(470, 14, 'Malitlit', 'TBD', 'TBD', NULL, '2024-11-04 03:32:54', '2024-11-04 03:32:54'),
(471, 14, 'Marauoy', 'TBD', 'TBD', NULL, '2024-11-04 03:32:54', '2024-11-04 03:32:54'),
(472, 14, 'Mataas Na Lupa', 'TBD', 'TBD', NULL, '2024-11-04 03:32:54', '2024-11-04 03:32:54'),
(473, 14, 'Munting Pulo', 'TBD', 'TBD', NULL, '2024-11-04 03:32:54', '2024-11-04 03:32:54'),
(474, 14, 'Pagolingin Bata', 'TBD', 'TBD', NULL, '2024-11-04 03:32:54', '2024-11-04 03:32:54'),
(475, 14, 'Pagolingin East', 'TBD', 'TBD', NULL, '2024-11-04 03:32:54', '2024-11-04 03:32:54'),
(476, 14, 'Pagolingin West', 'TBD', 'TBD', NULL, '2024-11-04 03:32:54', '2024-11-04 03:32:54'),
(477, 14, 'Pangao', 'TBD', 'TBD', NULL, '2024-11-04 03:32:54', '2024-11-04 03:32:54'),
(478, 14, 'Pinagkawitan', 'TBD', 'TBD', NULL, '2024-11-04 03:32:54', '2024-11-04 03:32:54'),
(479, 14, 'Pinagtongulan', 'TBD', 'TBD', NULL, '2024-11-04 03:32:54', '2024-11-04 03:32:54'),
(480, 14, 'Plaridel', 'TBD', 'TBD', NULL, '2024-11-04 03:32:54', '2024-11-04 03:32:54'),
(481, 14, 'Poblacion Barangay 1', 'TBD', 'TBD', NULL, '2024-11-04 03:32:54', '2024-11-04 03:32:54'),
(482, 14, 'Poblacion Barangay 10', 'TBD', 'TBD', NULL, '2024-11-04 03:32:54', '2024-11-04 03:32:54'),
(483, 14, 'Poblacion Barangay 11', 'TBD', 'TBD', NULL, '2024-11-04 03:32:54', '2024-11-04 03:32:54'),
(484, 14, 'Poblacion Barangay 2', 'TBD', 'TBD', NULL, '2024-11-04 03:32:54', '2024-11-04 03:32:54'),
(485, 14, 'Poblacion Barangay 3', 'TBD', 'TBD', NULL, '2024-11-04 03:32:54', '2024-11-04 03:32:54'),
(486, 14, 'Poblacion Barangay 4', 'TBD', 'TBD', NULL, '2024-11-04 03:32:54', '2024-11-04 03:32:54'),
(487, 14, 'Poblacion Barangay 5', 'TBD', 'TBD', NULL, '2024-11-04 03:32:54', '2024-11-04 03:32:54'),
(488, 14, 'Poblacion Barangay 6', 'TBD', 'TBD', NULL, '2024-11-04 03:32:54', '2024-11-04 03:32:54'),
(489, 14, 'Poblacion Barangay 7', 'TBD', 'TBD', NULL, '2024-11-04 03:32:54', '2024-11-04 03:32:54'),
(490, 14, 'Poblacion Barangay 8', 'TBD', 'TBD', NULL, '2024-11-04 03:32:54', '2024-11-04 03:32:54'),
(491, 14, 'Poblacion Barangay 9', 'TBD', 'TBD', NULL, '2024-11-04 03:32:54', '2024-11-04 03:32:54'),
(492, 14, 'Pusil', 'TBD', 'TBD', NULL, '2024-11-04 03:32:54', '2024-11-04 03:32:54'),
(493, 14, 'Quezon', 'TBD', 'TBD', NULL, '2024-11-04 03:32:54', '2024-11-04 03:32:54'),
(494, 14, 'Rizal', 'TBD', 'TBD', NULL, '2024-11-04 03:32:54', '2024-11-04 03:32:54'),
(495, 14, 'Sabang', 'TBD', 'TBD', NULL, '2024-11-04 03:32:54', '2024-11-04 03:32:54'),
(496, 14, 'Sampaguita', 'TBD', 'TBD', NULL, '2024-11-04 03:32:54', '2024-11-04 03:32:54'),
(497, 14, 'San Benito', 'TBD', 'TBD', NULL, '2024-11-04 03:32:54', '2024-11-04 03:32:54'),
(498, 14, 'San Carlos', 'TBD', 'TBD', NULL, '2024-11-04 03:32:54', '2024-11-04 03:32:54'),
(499, 14, 'San Celestino', 'TBD', 'TBD', NULL, '2024-11-04 03:32:54', '2024-11-04 03:32:54'),
(500, 14, 'San Francisco', 'TBD', 'TBD', NULL, '2024-11-04 03:32:54', '2024-11-04 03:32:54'),
(501, 14, 'San Guillermo', 'TBD', 'TBD', NULL, '2024-11-04 03:32:54', '2024-11-04 03:32:54'),
(502, 14, 'San Jose', 'TBD', 'TBD', NULL, '2024-11-04 03:32:54', '2024-11-04 03:32:54'),
(503, 14, 'San Lucas', 'TBD', 'TBD', NULL, '2024-11-04 03:32:54', '2024-11-04 03:32:54'),
(504, 14, 'San Salvador', 'TBD', 'TBD', NULL, '2024-11-04 03:32:54', '2024-11-04 03:32:54'),
(505, 14, 'Sapac', 'TBD', 'TBD', NULL, '2024-11-04 03:32:54', '2024-11-04 03:32:54'),
(506, 14, 'Sico', 'TBD', 'TBD', NULL, '2024-11-04 03:32:54', '2024-11-04 03:32:54'),
(507, 14, 'Santo Niño', 'TBD', 'TBD', NULL, '2024-11-04 03:32:54', '2024-11-04 03:32:54'),
(508, 14, 'Santo Toribio', 'TBD', 'TBD', NULL, '2024-11-04 03:32:54', '2024-11-04 03:32:54'),
(509, 14, 'Talisay', 'TBD', 'TBD', NULL, '2024-11-04 03:32:54', '2024-11-04 03:32:54'),
(510, 14, 'Tambo', 'TBD', 'TBD', NULL, '2024-11-04 03:32:54', '2024-11-04 03:32:54'),
(511, 14, 'Tangob', 'TBD', 'TBD', NULL, '2024-11-04 03:32:54', '2024-11-04 03:32:54'),
(512, 14, 'Tanguay', 'TBD', 'TBD', NULL, '2024-11-04 03:32:54', '2024-11-04 03:32:54'),
(513, 14, 'Tibig', 'TBD', 'TBD', NULL, '2024-11-04 03:32:54', '2024-11-04 03:32:54'),
(514, 14, 'Tipacan', 'TBD', 'TBD', NULL, '2024-11-04 03:32:54', '2024-11-04 03:32:54'),
(515, 14, 'Poblacion Barangay 9-A', 'TBD', 'TBD', NULL, '2024-11-04 03:32:54', '2024-11-04 03:32:54'),
(516, 14, 'Barangay 12', 'TBD', 'TBD', NULL, '2024-11-04 03:32:54', '2024-11-04 03:32:54'),
(517, 15, 'Apar', 'TBD', 'TBD', NULL, '2024-11-04 03:32:54', '2024-11-04 03:32:54'),
(518, 15, 'Balatbat', 'TBD', 'TBD', NULL, '2024-11-04 03:32:54', '2024-11-04 03:32:54'),
(519, 15, 'Balibago', 'TBD', 'TBD', NULL, '2024-11-04 03:32:54', '2024-11-04 03:32:54'),
(520, 15, 'Banalo', 'TBD', 'TBD', NULL, '2024-11-04 03:32:54', '2024-11-04 03:32:54'),
(521, 15, 'Biga', 'TBD', 'TBD', NULL, '2024-11-04 03:32:54', '2024-11-04 03:32:54'),
(522, 15, 'Bignay', 'TBD', 'TBD', NULL, '2024-11-04 03:32:54', '2024-11-04 03:32:54'),
(523, 15, 'Calo', 'TBD', 'TBD', NULL, '2024-11-04 03:32:54', '2024-11-04 03:32:54'),
(524, 15, 'Calumpit', 'TBD', 'TBD', NULL, '2024-11-04 03:32:54', '2024-11-04 03:32:54'),
(525, 15, 'Fabrica', 'TBD', 'TBD', NULL, '2024-11-04 03:32:54', '2024-11-04 03:32:54'),
(526, 15, 'Jaybanga', 'TBD', 'TBD', NULL, '2024-11-04 03:32:54', '2024-11-04 03:32:54'),
(527, 15, 'Lagadlarin', 'TBD', 'TBD', NULL, '2024-11-04 03:32:54', '2024-11-04 03:32:54'),
(528, 15, 'Mabilog Na Bundok', 'TBD', 'TBD', NULL, '2024-11-04 03:32:54', '2024-11-04 03:32:54'),
(529, 15, 'Malabrigo', 'TBD', 'TBD', NULL, '2024-11-04 03:32:54', '2024-11-04 03:32:54'),
(530, 15, 'Malalim Na Sanog', 'TBD', 'TBD', NULL, '2024-11-04 03:32:54', '2024-11-04 03:32:54'),
(531, 15, 'Malapad Na Parang', 'TBD', 'TBD', NULL, '2024-11-04 03:32:54', '2024-11-04 03:32:54'),
(532, 15, 'Masaguitsit', 'TBD', 'TBD', NULL, '2024-11-04 03:32:54', '2024-11-04 03:32:54'),
(533, 15, 'Nagtalongtong', 'TBD', 'TBD', NULL, '2024-11-04 03:32:54', '2024-11-04 03:32:54'),
(534, 15, 'Nagtoctoc', 'TBD', 'TBD', NULL, '2024-11-04 03:32:54', '2024-11-04 03:32:54'),
(535, 15, 'Olo-olo', 'TBD', 'TBD', NULL, '2024-11-04 03:32:54', '2024-11-04 03:32:54'),
(536, 15, 'Pinaghawanan', 'TBD', 'TBD', NULL, '2024-11-04 03:32:54', '2024-11-04 03:32:54'),
(537, 15, 'San Miguel', 'TBD', 'TBD', NULL, '2024-11-04 03:32:54', '2024-11-04 03:32:54'),
(538, 15, 'San Nicolas', 'TBD', 'TBD', NULL, '2024-11-04 03:32:54', '2024-11-04 03:32:54'),
(539, 15, 'Sawang', 'TBD', 'TBD', NULL, '2024-11-04 03:32:54', '2024-11-04 03:32:54'),
(540, 15, 'Soloc', 'TBD', 'TBD', NULL, '2024-11-04 03:32:54', '2024-11-04 03:32:54'),
(541, 15, 'Tayuman', 'TBD', 'TBD', NULL, '2024-11-04 03:32:54', '2024-11-04 03:32:54'),
(542, 15, 'Poblacion', 'TBD', 'TBD', NULL, '2024-11-04 03:32:54', '2024-11-04 03:32:54'),
(543, 16, 'Anilao Proper', 'TBD', 'TBD', NULL, '2024-11-04 03:32:54', '2024-11-04 03:32:54'),
(544, 16, 'Anilao East', 'TBD', 'TBD', NULL, '2024-11-04 03:32:54', '2024-11-04 03:32:54'),
(545, 16, 'Bagalangit', 'TBD', 'TBD', NULL, '2024-11-04 03:32:54', '2024-11-04 03:32:54'),
(546, 16, 'Bulacan', 'TBD', 'TBD', NULL, '2024-11-04 03:32:54', '2024-11-04 03:32:54'),
(547, 16, 'Calamias', 'TBD', 'TBD', NULL, '2024-11-04 03:32:54', '2024-11-04 03:32:54'),
(548, 16, 'Estrella', 'TBD', 'TBD', NULL, '2024-11-04 03:32:54', '2024-11-04 03:32:54'),
(549, 16, 'Gasang', 'TBD', 'TBD', NULL, '2024-11-04 03:32:54', '2024-11-04 03:32:54'),
(550, 16, 'Laurel', 'TBD', 'TBD', NULL, '2024-11-04 03:32:54', '2024-11-04 03:32:54'),
(551, 16, 'Ligaya', 'TBD', 'TBD', NULL, '2024-11-04 03:32:54', '2024-11-04 03:32:54'),
(552, 16, 'Mainaga', 'TBD', 'TBD', NULL, '2024-11-04 03:32:54', '2024-11-04 03:32:54'),
(553, 16, 'Mainit', 'TBD', 'TBD', NULL, '2024-11-04 03:32:54', '2024-11-04 03:32:54'),
(554, 16, 'Majuben', 'TBD', 'TBD', NULL, '2024-11-04 03:32:54', '2024-11-04 03:32:54'),
(555, 16, 'Malimatoc I', 'TBD', 'TBD', NULL, '2024-11-04 03:32:54', '2024-11-04 03:32:54'),
(556, 16, 'Malimatoc II', 'TBD', 'TBD', NULL, '2024-11-04 03:32:54', '2024-11-04 03:32:54'),
(557, 16, 'Nag-Iba', 'TBD', 'TBD', NULL, '2024-11-04 03:32:54', '2024-11-04 03:32:54'),
(558, 16, 'Pilahan', 'TBD', 'TBD', NULL, '2024-11-04 03:32:54', '2024-11-04 03:32:54'),
(559, 16, 'Poblacion', 'TBD', 'TBD', NULL, '2024-11-04 03:32:54', '2024-11-04 03:32:54'),
(560, 16, 'Pulang Lupa', 'TBD', 'TBD', NULL, '2024-11-04 03:32:54', '2024-11-04 03:32:54'),
(561, 16, 'Pulong Anahao', 'TBD', 'TBD', NULL, '2024-11-04 03:32:54', '2024-11-04 03:32:54'),
(562, 16, 'Pulong Balibaguhan', 'TBD', 'TBD', NULL, '2024-11-04 03:32:54', '2024-11-04 03:32:54'),
(563, 16, 'Pulong Niogan', 'TBD', 'TBD', NULL, '2024-11-04 03:32:54', '2024-11-04 03:32:54'),
(564, 16, 'Saguing', 'TBD', 'TBD', NULL, '2024-11-04 03:32:54', '2024-11-04 03:32:54'),
(565, 16, 'Sampaguita', 'TBD', 'TBD', NULL, '2024-11-04 03:32:54', '2024-11-04 03:32:54'),
(566, 16, 'San Francisco', 'TBD', 'TBD', NULL, '2024-11-04 03:32:54', '2024-11-04 03:32:54');
INSERT INTO `barangays` (`id`, `city_id`, `name`, `contact_person`, `phone`, `email`, `created_at`, `updated_at`) VALUES
(567, 16, 'San Jose', 'TBD', 'TBD', NULL, '2024-11-04 03:32:54', '2024-11-04 03:32:54'),
(568, 16, 'San Juan', 'TBD', 'TBD', NULL, '2024-11-04 03:32:54', '2024-11-04 03:32:54'),
(569, 16, 'San Teodoro', 'TBD', 'TBD', NULL, '2024-11-04 03:32:54', '2024-11-04 03:32:54'),
(570, 16, 'Santa Ana', 'TBD', 'TBD', NULL, '2024-11-04 03:32:54', '2024-11-04 03:32:54'),
(571, 16, 'Santa Mesa', 'TBD', 'TBD', NULL, '2024-11-04 03:32:54', '2024-11-04 03:32:54'),
(572, 16, 'Santo Niño', 'TBD', 'TBD', NULL, '2024-11-04 03:32:54', '2024-11-04 03:32:54'),
(573, 16, 'Santo Tomas', 'TBD', 'TBD', NULL, '2024-11-04 03:32:54', '2024-11-04 03:32:54'),
(574, 16, 'Solo', 'TBD', 'TBD', NULL, '2024-11-04 03:32:54', '2024-11-04 03:32:54'),
(575, 16, 'Talaga Proper', 'TBD', 'TBD', NULL, '2024-11-04 03:32:54', '2024-11-04 03:32:54'),
(576, 16, 'Talaga East', 'TBD', 'TBD', NULL, '2024-11-04 03:32:54', '2024-11-04 03:32:54'),
(577, 17, 'Bagong Pook', 'TBD', 'TBD', NULL, '2024-11-04 03:32:54', '2024-11-04 03:32:54'),
(578, 17, 'Bilucao', 'TBD', 'TBD', NULL, '2024-11-04 03:32:54', '2024-11-04 03:32:54'),
(579, 17, 'Bulihan', 'TBD', 'TBD', NULL, '2024-11-04 03:32:54', '2024-11-04 03:32:54'),
(580, 17, 'San Gregorio', 'TBD', 'TBD', NULL, '2024-11-04 03:32:54', '2024-11-04 03:32:54'),
(581, 17, 'Luta Del Norte', 'TBD', 'TBD', NULL, '2024-11-04 03:32:54', '2024-11-04 03:32:54'),
(582, 17, 'Luta Del Sur', 'TBD', 'TBD', NULL, '2024-11-04 03:32:54', '2024-11-04 03:32:54'),
(583, 17, 'Poblacion', 'TBD', 'TBD', NULL, '2024-11-04 03:32:54', '2024-11-04 03:32:54'),
(584, 17, 'San Andres', 'TBD', 'TBD', NULL, '2024-11-04 03:32:54', '2024-11-04 03:32:54'),
(585, 17, 'San Fernando', 'TBD', 'TBD', NULL, '2024-11-04 03:32:54', '2024-11-04 03:32:54'),
(586, 17, 'San Isidro East', 'TBD', 'TBD', NULL, '2024-11-04 03:32:54', '2024-11-04 03:32:54'),
(587, 17, 'San Juan', 'TBD', 'TBD', NULL, '2024-11-04 03:32:54', '2024-11-04 03:32:54'),
(588, 17, 'San Pedro II', 'TBD', 'TBD', NULL, '2024-11-04 03:32:54', '2024-11-04 03:32:54'),
(589, 17, 'San Pedro I', 'TBD', 'TBD', NULL, '2024-11-04 03:32:54', '2024-11-04 03:32:54'),
(590, 17, 'San Pioquinto', 'TBD', 'TBD', NULL, '2024-11-04 03:32:54', '2024-11-04 03:32:54'),
(591, 17, 'Santiago', 'TBD', 'TBD', NULL, '2024-11-04 03:32:54', '2024-11-04 03:32:54'),
(592, 18, 'District I', 'TBD', 'TBD', NULL, '2024-11-04 03:32:54', '2024-11-04 03:32:54'),
(593, 18, 'District II', 'TBD', 'TBD', NULL, '2024-11-04 03:32:54', '2024-11-04 03:32:54'),
(594, 18, 'District III', 'TBD', 'TBD', NULL, '2024-11-04 03:32:54', '2024-11-04 03:32:54'),
(595, 18, 'District IV', 'TBD', 'TBD', NULL, '2024-11-04 03:32:54', '2024-11-04 03:32:54'),
(596, 18, 'Bayorbor', 'TBD', 'TBD', NULL, '2024-11-04 03:32:54', '2024-11-04 03:32:54'),
(597, 18, 'Bubuyan', 'TBD', 'TBD', NULL, '2024-11-04 03:32:54', '2024-11-04 03:32:54'),
(598, 18, 'Calingatan', 'TBD', 'TBD', NULL, '2024-11-04 03:32:54', '2024-11-04 03:32:54'),
(599, 18, 'Kinalaglagan', 'TBD', 'TBD', NULL, '2024-11-04 03:32:54', '2024-11-04 03:32:54'),
(600, 18, 'Loob', 'TBD', 'TBD', NULL, '2024-11-04 03:32:54', '2024-11-04 03:32:54'),
(601, 18, 'Lumang Lipa', 'TBD', 'TBD', NULL, '2024-11-04 03:32:54', '2024-11-04 03:32:54'),
(602, 18, 'Manggahan', 'TBD', 'TBD', NULL, '2024-11-04 03:32:54', '2024-11-04 03:32:54'),
(603, 18, 'Nangkaan', 'TBD', 'TBD', NULL, '2024-11-04 03:32:54', '2024-11-04 03:32:54'),
(604, 18, 'San Sebastian', 'TBD', 'TBD', NULL, '2024-11-04 03:32:54', '2024-11-04 03:32:54'),
(605, 18, 'Santol', 'TBD', 'TBD', NULL, '2024-11-04 03:32:54', '2024-11-04 03:32:54'),
(606, 18, 'Upa', 'TBD', 'TBD', NULL, '2024-11-04 03:32:54', '2024-11-04 03:32:54'),
(607, 18, 'Barangay II-A', 'TBD', 'TBD', NULL, '2024-11-04 03:32:54', '2024-11-04 03:32:54'),
(608, 19, 'Aga', 'TBD', 'TBD', NULL, '2024-11-04 03:32:54', '2024-11-04 03:32:54'),
(609, 19, 'Balaytigui', 'TBD', 'TBD', NULL, '2024-11-04 03:32:54', '2024-11-04 03:32:54'),
(610, 19, 'Banilad', 'TBD', 'TBD', NULL, '2024-11-04 03:32:54', '2024-11-04 03:32:54'),
(611, 19, 'Barangay 10', 'TBD', 'TBD', NULL, '2024-11-04 03:32:54', '2024-11-04 03:32:54'),
(612, 19, 'Barangay 11', 'TBD', 'TBD', NULL, '2024-11-04 03:32:54', '2024-11-04 03:32:54'),
(613, 19, 'Barangay 12', 'TBD', 'TBD', NULL, '2024-11-04 03:32:54', '2024-11-04 03:32:54'),
(614, 19, 'Barangay 2', 'TBD', 'TBD', NULL, '2024-11-04 03:32:54', '2024-11-04 03:32:54'),
(615, 19, 'Barangay 3', 'TBD', 'TBD', NULL, '2024-11-04 03:32:54', '2024-11-04 03:32:54'),
(616, 19, 'Barangay 4', 'TBD', 'TBD', NULL, '2024-11-04 03:32:54', '2024-11-04 03:32:54'),
(617, 19, 'Barangay 5', 'TBD', 'TBD', NULL, '2024-11-04 03:32:54', '2024-11-04 03:32:54'),
(618, 19, 'Barangay 6', 'TBD', 'TBD', NULL, '2024-11-04 03:32:54', '2024-11-04 03:32:54'),
(619, 19, 'Barangay 7', 'TBD', 'TBD', NULL, '2024-11-04 03:32:54', '2024-11-04 03:32:54'),
(620, 19, 'Barangay 8', 'TBD', 'TBD', NULL, '2024-11-04 03:32:54', '2024-11-04 03:32:54'),
(621, 19, 'Barangay 9', 'TBD', 'TBD', NULL, '2024-11-04 03:32:54', '2024-11-04 03:32:54'),
(622, 19, 'Bilaran', 'TBD', 'TBD', NULL, '2024-11-04 03:32:54', '2024-11-04 03:32:54'),
(623, 19, 'Bucana', 'TBD', 'TBD', NULL, '2024-11-04 03:32:54', '2024-11-04 03:32:54'),
(624, 19, 'Bulihan', 'TBD', 'TBD', NULL, '2024-11-04 03:32:54', '2024-11-04 03:32:54'),
(625, 19, 'Bunducan', 'TBD', 'TBD', NULL, '2024-11-04 03:32:54', '2024-11-04 03:32:54'),
(626, 19, 'Butucan', 'TBD', 'TBD', NULL, '2024-11-04 03:32:54', '2024-11-04 03:32:54'),
(627, 19, 'Calayo', 'TBD', 'TBD', NULL, '2024-11-04 03:32:54', '2024-11-04 03:32:54'),
(628, 19, 'Catandaan', 'TBD', 'TBD', NULL, '2024-11-04 03:32:54', '2024-11-04 03:32:54'),
(629, 19, 'Kaylaway', 'TBD', 'TBD', NULL, '2024-11-04 03:32:54', '2024-11-04 03:32:54'),
(630, 19, 'Kayrilaw', 'TBD', 'TBD', NULL, '2024-11-04 03:32:54', '2024-11-04 03:32:54'),
(631, 19, 'Cogunan', 'TBD', 'TBD', NULL, '2024-11-04 03:32:54', '2024-11-04 03:32:54'),
(632, 19, 'Dayap', 'TBD', 'TBD', NULL, '2024-11-04 03:32:54', '2024-11-04 03:32:54'),
(633, 19, 'Latag', 'TBD', 'TBD', NULL, '2024-11-04 03:32:54', '2024-11-04 03:32:54'),
(634, 19, 'Looc', 'TBD', 'TBD', NULL, '2024-11-04 03:32:54', '2024-11-04 03:32:54'),
(635, 19, 'Lumbangan', 'TBD', 'TBD', NULL, '2024-11-04 03:32:54', '2024-11-04 03:32:54'),
(636, 19, 'Malapad Na Bato', 'TBD', 'TBD', NULL, '2024-11-04 03:32:54', '2024-11-04 03:32:54'),
(637, 19, 'Mataas Na Pulo', 'TBD', 'TBD', NULL, '2024-11-04 03:32:54', '2024-11-04 03:32:54'),
(638, 19, 'Maugat', 'TBD', 'TBD', NULL, '2024-11-04 03:32:54', '2024-11-04 03:32:54'),
(639, 19, 'Munting Indan', 'TBD', 'TBD', NULL, '2024-11-04 03:32:54', '2024-11-04 03:32:54'),
(640, 19, 'Natipuan', 'TBD', 'TBD', NULL, '2024-11-04 03:32:54', '2024-11-04 03:32:54'),
(641, 19, 'Pantalan', 'TBD', 'TBD', NULL, '2024-11-04 03:32:54', '2024-11-04 03:32:54'),
(642, 19, 'Papaya', 'TBD', 'TBD', NULL, '2024-11-04 03:32:54', '2024-11-04 03:32:54'),
(643, 19, 'Putat', 'TBD', 'TBD', NULL, '2024-11-04 03:32:54', '2024-11-04 03:32:54'),
(644, 19, 'Reparo', 'TBD', 'TBD', NULL, '2024-11-04 03:32:54', '2024-11-04 03:32:54'),
(645, 19, 'Talangan', 'TBD', 'TBD', NULL, '2024-11-04 03:32:54', '2024-11-04 03:32:54'),
(646, 19, 'Tumalim', 'TBD', 'TBD', NULL, '2024-11-04 03:32:54', '2024-11-04 03:32:54'),
(647, 19, 'Utod', 'TBD', 'TBD', NULL, '2024-11-04 03:32:54', '2024-11-04 03:32:54'),
(648, 19, 'Wawa', 'TBD', 'TBD', NULL, '2024-11-04 03:32:54', '2024-11-04 03:32:54'),
(649, 19, 'Barangay 1', 'TBD', 'TBD', NULL, '2024-11-04 03:32:54', '2024-11-04 03:32:54'),
(650, 20, 'Banaba', 'TBD', 'TBD', NULL, '2024-11-04 03:32:54', '2024-11-04 03:32:54'),
(651, 20, 'Banaybanay', 'TBD', 'TBD', NULL, '2024-11-04 03:32:54', '2024-11-04 03:32:54'),
(652, 20, 'Bawi', 'TBD', 'TBD', NULL, '2024-11-04 03:32:54', '2024-11-04 03:32:54'),
(653, 20, 'Bukal', 'TBD', 'TBD', NULL, '2024-11-04 03:32:54', '2024-11-04 03:32:54'),
(654, 20, 'Castillo', 'TBD', 'TBD', NULL, '2024-11-04 03:32:54', '2024-11-04 03:32:54'),
(655, 20, 'Cawongan', 'TBD', 'TBD', NULL, '2024-11-04 03:32:54', '2024-11-04 03:32:54'),
(656, 20, 'Manggas', 'TBD', 'TBD', NULL, '2024-11-04 03:32:54', '2024-11-04 03:32:54'),
(657, 20, 'Maugat East', 'TBD', 'TBD', NULL, '2024-11-04 03:32:54', '2024-11-04 03:32:54'),
(658, 20, 'Maugat West', 'TBD', 'TBD', NULL, '2024-11-04 03:32:54', '2024-11-04 03:32:54'),
(659, 20, 'Pansol', 'TBD', 'TBD', NULL, '2024-11-04 03:32:54', '2024-11-04 03:32:54'),
(660, 20, 'Payapa', 'TBD', 'TBD', NULL, '2024-11-04 03:32:54', '2024-11-04 03:32:54'),
(661, 20, 'Poblacion', 'TBD', 'TBD', NULL, '2024-11-04 03:32:54', '2024-11-04 03:32:54'),
(662, 20, 'Quilo-quilo North', 'TBD', 'TBD', NULL, '2024-11-04 03:32:54', '2024-11-04 03:32:54'),
(663, 20, 'Quilo-quilo South', 'TBD', 'TBD', NULL, '2024-11-04 03:32:54', '2024-11-04 03:32:54'),
(664, 20, 'San Felipe', 'TBD', 'TBD', NULL, '2024-11-04 03:32:54', '2024-11-04 03:32:54'),
(665, 20, 'San Miguel', 'TBD', 'TBD', NULL, '2024-11-04 03:32:54', '2024-11-04 03:32:54'),
(666, 20, 'Tamak', 'TBD', 'TBD', NULL, '2024-11-04 03:32:54', '2024-11-04 03:32:54'),
(667, 20, 'Tangob', 'TBD', 'TBD', NULL, '2024-11-04 03:32:54', '2024-11-04 03:32:54'),
(668, 21, 'Alupay', 'TBD', 'TBD', NULL, '2024-11-04 03:32:54', '2024-11-04 03:32:54'),
(669, 21, 'Antipolo', 'TBD', 'TBD', NULL, '2024-11-04 03:32:54', '2024-11-04 03:32:54'),
(670, 21, 'Bagong Pook', 'TBD', 'TBD', NULL, '2024-11-04 03:32:54', '2024-11-04 03:32:54'),
(671, 21, 'Balibago', 'TBD', 'TBD', NULL, '2024-11-04 03:32:54', '2024-11-04 03:32:54'),
(672, 21, 'Bayawang', 'TBD', 'TBD', NULL, '2024-11-04 03:32:54', '2024-11-04 03:32:54'),
(673, 21, 'Baybayin', 'TBD', 'TBD', NULL, '2024-11-04 03:32:54', '2024-11-04 03:32:54'),
(674, 21, 'Bulihan', 'TBD', 'TBD', NULL, '2024-11-04 03:32:54', '2024-11-04 03:32:54'),
(675, 21, 'Cahigam', 'TBD', 'TBD', NULL, '2024-11-04 03:32:54', '2024-11-04 03:32:54'),
(676, 21, 'Calantas', 'TBD', 'TBD', NULL, '2024-11-04 03:32:54', '2024-11-04 03:32:54'),
(677, 21, 'Colongan', 'TBD', 'TBD', NULL, '2024-11-04 03:32:54', '2024-11-04 03:32:54'),
(678, 21, 'Itlugan', 'TBD', 'TBD', NULL, '2024-11-04 03:32:54', '2024-11-04 03:32:54'),
(679, 21, 'Lumbangan', 'TBD', 'TBD', NULL, '2024-11-04 03:32:54', '2024-11-04 03:32:54'),
(680, 21, 'Maalas-As', 'TBD', 'TBD', NULL, '2024-11-04 03:32:54', '2024-11-04 03:32:54'),
(681, 21, 'Mabato', 'TBD', 'TBD', NULL, '2024-11-04 03:32:54', '2024-11-04 03:32:54'),
(682, 21, 'Mabunga', 'TBD', 'TBD', NULL, '2024-11-04 03:32:54', '2024-11-04 03:32:54'),
(683, 21, 'Macalamcam A', 'TBD', 'TBD', NULL, '2024-11-04 03:32:54', '2024-11-04 03:32:54'),
(684, 21, 'Macalamcam B', 'TBD', 'TBD', NULL, '2024-11-04 03:32:54', '2024-11-04 03:32:54'),
(685, 21, 'Malaya', 'TBD', 'TBD', NULL, '2024-11-04 03:32:54', '2024-11-04 03:32:54'),
(686, 21, 'Maligaya', 'TBD', 'TBD', NULL, '2024-11-04 03:32:54', '2024-11-04 03:32:54'),
(687, 21, 'Marilag', 'TBD', 'TBD', NULL, '2024-11-04 03:32:54', '2024-11-04 03:32:54'),
(688, 21, 'Masaya', 'TBD', 'TBD', NULL, '2024-11-04 03:32:54', '2024-11-04 03:32:54'),
(689, 21, 'Matamis', 'TBD', 'TBD', NULL, '2024-11-04 03:32:54', '2024-11-04 03:32:54'),
(690, 21, 'Mavalor', 'TBD', 'TBD', NULL, '2024-11-04 03:32:54', '2024-11-04 03:32:54'),
(691, 21, 'Mayuro', 'TBD', 'TBD', NULL, '2024-11-04 03:32:54', '2024-11-04 03:32:54'),
(692, 21, 'Namuco', 'TBD', 'TBD', NULL, '2024-11-04 03:32:54', '2024-11-04 03:32:54'),
(693, 21, 'Namunga', 'TBD', 'TBD', NULL, '2024-11-04 03:32:54', '2024-11-04 03:32:54'),
(694, 21, 'Natu', 'TBD', 'TBD', NULL, '2024-11-04 03:32:54', '2024-11-04 03:32:54'),
(695, 21, 'Nasi', 'TBD', 'TBD', NULL, '2024-11-04 03:32:54', '2024-11-04 03:32:54'),
(696, 21, 'Palakpak', 'TBD', 'TBD', NULL, '2024-11-04 03:32:54', '2024-11-04 03:32:54'),
(697, 21, 'Pinagsibaan', 'TBD', 'TBD', NULL, '2024-11-04 03:32:54', '2024-11-04 03:32:54'),
(698, 21, 'Barangay A', 'TBD', 'TBD', NULL, '2024-11-04 03:32:54', '2024-11-04 03:32:54'),
(699, 21, 'Barangay B', 'TBD', 'TBD', NULL, '2024-11-04 03:32:54', '2024-11-04 03:32:54'),
(700, 21, 'Barangay C', 'TBD', 'TBD', NULL, '2024-11-04 03:32:54', '2024-11-04 03:32:54'),
(701, 21, 'Barangay D', 'TBD', 'TBD', NULL, '2024-11-04 03:32:54', '2024-11-04 03:32:54'),
(702, 21, 'Barangay E', 'TBD', 'TBD', NULL, '2024-11-04 03:32:54', '2024-11-04 03:32:54'),
(703, 21, 'Putingkahoy', 'TBD', 'TBD', NULL, '2024-11-04 03:32:54', '2024-11-04 03:32:54'),
(704, 21, 'Quilib', 'TBD', 'TBD', NULL, '2024-11-04 03:32:54', '2024-11-04 03:32:54'),
(705, 21, 'Salao', 'TBD', 'TBD', NULL, '2024-11-04 03:32:54', '2024-11-04 03:32:54'),
(706, 21, 'San Carlos', 'TBD', 'TBD', NULL, '2024-11-04 03:32:54', '2024-11-04 03:32:54'),
(707, 21, 'San Ignacio', 'TBD', 'TBD', NULL, '2024-11-04 03:32:54', '2024-11-04 03:32:54'),
(708, 21, 'San Isidro', 'TBD', 'TBD', NULL, '2024-11-04 03:32:54', '2024-11-04 03:32:54'),
(709, 21, 'San Jose', 'TBD', 'TBD', NULL, '2024-11-04 03:32:54', '2024-11-04 03:32:54'),
(710, 21, 'San Roque', 'TBD', 'TBD', NULL, '2024-11-04 03:32:54', '2024-11-04 03:32:54'),
(711, 21, 'Santa Cruz', 'TBD', 'TBD', NULL, '2024-11-04 03:32:54', '2024-11-04 03:32:54'),
(712, 21, 'Timbugan', 'TBD', 'TBD', NULL, '2024-11-04 03:32:54', '2024-11-04 03:32:54'),
(713, 21, 'Tiquiwan', 'TBD', 'TBD', NULL, '2024-11-04 03:32:54', '2024-11-04 03:32:54'),
(714, 21, 'Leviste', 'TBD', 'TBD', NULL, '2024-11-04 03:32:54', '2024-11-04 03:32:54'),
(715, 21, 'Tulos', 'TBD', 'TBD', NULL, '2024-11-04 03:32:54', '2024-11-04 03:32:54'),
(716, 22, 'Aguila', 'TBD', 'TBD', NULL, '2024-11-04 03:32:54', '2024-11-04 03:32:54'),
(717, 22, 'Anus', 'TBD', 'TBD', NULL, '2024-11-04 03:32:54', '2024-11-04 03:32:54'),
(718, 22, 'Aya', 'TBD', 'TBD', NULL, '2024-11-04 03:32:54', '2024-11-04 03:32:54'),
(719, 22, 'Bagong Pook', 'TBD', 'TBD', NULL, '2024-11-04 03:32:54', '2024-11-04 03:32:54'),
(720, 22, 'Balagtasin', 'TBD', 'TBD', NULL, '2024-11-04 03:32:54', '2024-11-04 03:32:54'),
(721, 22, 'Balagtasin I', 'TBD', 'TBD', NULL, '2024-11-04 03:32:54', '2024-11-04 03:32:54'),
(722, 22, 'Banaybanay I', 'TBD', 'TBD', NULL, '2024-11-04 03:32:54', '2024-11-04 03:32:54'),
(723, 22, 'Banaybanay II', 'TBD', 'TBD', NULL, '2024-11-04 03:32:54', '2024-11-04 03:32:54'),
(724, 22, 'Bigain I', 'TBD', 'TBD', NULL, '2024-11-04 03:32:54', '2024-11-04 03:32:54'),
(725, 22, 'Bigain II', 'TBD', 'TBD', NULL, '2024-11-04 03:32:54', '2024-11-04 03:32:54'),
(726, 22, 'Calansayan', 'TBD', 'TBD', NULL, '2024-11-04 03:32:54', '2024-11-04 03:32:54'),
(727, 22, 'Dagatan', 'TBD', 'TBD', NULL, '2024-11-04 03:32:54', '2024-11-04 03:32:54'),
(728, 22, 'Don Luis', 'TBD', 'TBD', NULL, '2024-11-04 03:32:54', '2024-11-04 03:32:54'),
(729, 22, 'Galamay-Amo', 'TBD', 'TBD', NULL, '2024-11-04 03:32:54', '2024-11-04 03:32:54'),
(730, 22, 'Lalayat', 'TBD', 'TBD', NULL, '2024-11-04 03:32:54', '2024-11-04 03:32:54'),
(731, 22, 'Lapolapo I', 'TBD', 'TBD', NULL, '2024-11-04 03:32:54', '2024-11-04 03:32:54'),
(732, 22, 'Lapolapo II', 'TBD', 'TBD', NULL, '2024-11-04 03:32:54', '2024-11-04 03:32:54'),
(733, 22, 'Lepute', 'TBD', 'TBD', NULL, '2024-11-04 03:32:54', '2024-11-04 03:32:54'),
(734, 22, 'Lumil', 'TBD', 'TBD', NULL, '2024-11-04 03:32:54', '2024-11-04 03:32:54'),
(735, 22, 'Natunuan', 'TBD', 'TBD', NULL, '2024-11-04 03:32:54', '2024-11-04 03:32:54'),
(736, 22, 'Palanca', 'TBD', 'TBD', NULL, '2024-11-04 03:32:54', '2024-11-04 03:32:54'),
(737, 22, 'Pinagtung-Ulan', 'TBD', 'TBD', NULL, '2024-11-04 03:32:54', '2024-11-04 03:32:54'),
(738, 22, 'Poblacion Barangay I', 'TBD', 'TBD', NULL, '2024-11-04 03:32:54', '2024-11-04 03:32:54'),
(739, 22, 'Poblacion Barangay II', 'TBD', 'TBD', NULL, '2024-11-04 03:32:54', '2024-11-04 03:32:54'),
(740, 22, 'Poblacion Barangay III', 'TBD', 'TBD', NULL, '2024-11-04 03:32:54', '2024-11-04 03:32:54'),
(741, 22, 'Poblacion Barangay IV', 'TBD', 'TBD', NULL, '2024-11-04 03:32:54', '2024-11-04 03:32:54'),
(742, 22, 'Sabang', 'TBD', 'TBD', NULL, '2024-11-04 03:32:54', '2024-11-04 03:32:54'),
(743, 22, 'Salaban', 'TBD', 'TBD', NULL, '2024-11-04 03:32:54', '2024-11-04 03:32:54'),
(744, 22, 'Santo Cristo', 'TBD', 'TBD', NULL, '2024-11-04 03:32:54', '2024-11-04 03:32:54'),
(745, 22, 'Mojon-Tampoy', 'TBD', 'TBD', NULL, '2024-11-04 03:32:54', '2024-11-04 03:32:54'),
(746, 22, 'Taysan', 'TBD', 'TBD', NULL, '2024-11-04 03:32:54', '2024-11-04 03:32:54'),
(747, 22, 'Tugtug', 'TBD', 'TBD', NULL, '2024-11-04 03:32:54', '2024-11-04 03:32:54'),
(748, 22, 'Bigain South', 'TBD', 'TBD', NULL, '2024-11-04 03:32:54', '2024-11-04 03:32:54'),
(749, 23, 'Abung', 'TBD', 'TBD', NULL, '2024-11-04 03:32:54', '2024-11-04 03:32:54'),
(750, 23, 'Balagbag', 'TBD', 'TBD', NULL, '2024-11-04 03:32:54', '2024-11-04 03:32:54'),
(751, 23, 'Barualte', 'TBD', 'TBD', NULL, '2024-11-04 03:32:54', '2024-11-04 03:32:54'),
(752, 23, 'Bataan', 'TBD', 'TBD', NULL, '2024-11-04 03:32:54', '2024-11-04 03:32:54'),
(753, 23, 'Buhay Na Sapa', 'TBD', 'TBD', NULL, '2024-11-04 03:32:54', '2024-11-04 03:32:54'),
(754, 23, 'Bulsa', 'TBD', 'TBD', NULL, '2024-11-04 03:32:54', '2024-11-04 03:32:54'),
(755, 23, 'Calicanto', 'TBD', 'TBD', NULL, '2024-11-04 03:32:54', '2024-11-04 03:32:54'),
(756, 23, 'Calitcalit', 'TBD', 'TBD', NULL, '2024-11-04 03:32:54', '2024-11-04 03:32:54'),
(757, 23, 'Calubcub I', 'TBD', 'TBD', NULL, '2024-11-04 03:32:54', '2024-11-04 03:32:54'),
(758, 23, 'Calubcub II', 'TBD', 'TBD', NULL, '2024-11-04 03:32:54', '2024-11-04 03:32:54'),
(759, 23, 'Catmon', 'TBD', 'TBD', NULL, '2024-11-04 03:32:54', '2024-11-04 03:32:54'),
(760, 23, 'Coloconto', 'TBD', 'TBD', NULL, '2024-11-04 03:32:54', '2024-11-04 03:32:54'),
(761, 23, 'Escribano', 'TBD', 'TBD', NULL, '2024-11-04 03:32:54', '2024-11-04 03:32:54'),
(762, 23, 'Hugom', 'TBD', 'TBD', NULL, '2024-11-04 03:32:54', '2024-11-04 03:32:54'),
(763, 23, 'Imelda', 'TBD', 'TBD', NULL, '2024-11-04 03:32:54', '2024-11-04 03:32:54'),
(764, 23, 'Janaojanao', 'TBD', 'TBD', NULL, '2024-11-04 03:32:54', '2024-11-04 03:32:54'),
(765, 23, 'Laiya-Ibabao', 'TBD', 'TBD', NULL, '2024-11-04 03:32:54', '2024-11-04 03:32:54'),
(766, 23, 'Laiya-Aplaya', 'TBD', 'TBD', NULL, '2024-11-04 03:32:54', '2024-11-04 03:32:54'),
(767, 23, 'Libato', 'TBD', 'TBD', NULL, '2024-11-04 03:32:54', '2024-11-04 03:32:54'),
(768, 23, 'Lipahan', 'TBD', 'TBD', NULL, '2024-11-04 03:32:54', '2024-11-04 03:32:54'),
(769, 23, 'Mabalanoy', 'TBD', 'TBD', NULL, '2024-11-04 03:32:54', '2024-11-04 03:32:54'),
(770, 23, 'Nagsaulay', 'TBD', 'TBD', NULL, '2024-11-04 03:32:54', '2024-11-04 03:32:54'),
(771, 23, 'Maraykit', 'TBD', 'TBD', NULL, '2024-11-04 03:32:54', '2024-11-04 03:32:54'),
(772, 23, 'Muzon', 'TBD', 'TBD', NULL, '2024-11-04 03:32:54', '2024-11-04 03:32:54'),
(773, 23, 'Palahanan I', 'TBD', 'TBD', NULL, '2024-11-04 03:32:54', '2024-11-04 03:32:54'),
(774, 23, 'Palahanan II', 'TBD', 'TBD', NULL, '2024-11-04 03:32:54', '2024-11-04 03:32:54'),
(775, 23, 'Palingowak', 'TBD', 'TBD', NULL, '2024-11-04 03:32:54', '2024-11-04 03:32:54'),
(776, 23, 'Pinagbayanan', 'TBD', 'TBD', NULL, '2024-11-04 03:32:54', '2024-11-04 03:32:54'),
(777, 23, 'Poblacion', 'TBD', 'TBD', NULL, '2024-11-04 03:32:54', '2024-11-04 03:32:54'),
(778, 23, 'Poctol', 'TBD', 'TBD', NULL, '2024-11-04 03:32:54', '2024-11-04 03:32:54'),
(779, 23, 'Pulangbato', 'TBD', 'TBD', NULL, '2024-11-04 03:32:54', '2024-11-04 03:32:54'),
(780, 23, 'Putingbuhangin', 'TBD', 'TBD', NULL, '2024-11-04 03:32:54', '2024-11-04 03:32:54'),
(781, 23, 'Quipot', 'TBD', 'TBD', NULL, '2024-11-04 03:32:54', '2024-11-04 03:32:54'),
(782, 23, 'Sampiro', 'TBD', 'TBD', NULL, '2024-11-04 03:32:54', '2024-11-04 03:32:54'),
(783, 23, 'Sapangan', 'TBD', 'TBD', NULL, '2024-11-04 03:32:54', '2024-11-04 03:32:54'),
(784, 23, 'Sico I', 'TBD', 'TBD', NULL, '2024-11-04 03:32:54', '2024-11-04 03:32:54'),
(785, 23, 'Sico II', 'TBD', 'TBD', NULL, '2024-11-04 03:32:54', '2024-11-04 03:32:54'),
(786, 23, 'Subukin', 'TBD', 'TBD', NULL, '2024-11-04 03:32:54', '2024-11-04 03:32:54'),
(787, 23, 'Talahiban I', 'TBD', 'TBD', NULL, '2024-11-04 03:32:54', '2024-11-04 03:32:54'),
(788, 23, 'Talahiban II', 'TBD', 'TBD', NULL, '2024-11-04 03:32:54', '2024-11-04 03:32:54'),
(789, 23, 'Ticalan', 'TBD', 'TBD', NULL, '2024-11-04 03:32:54', '2024-11-04 03:32:54'),
(790, 23, 'Tipaz', 'TBD', 'TBD', NULL, '2024-11-04 03:32:54', '2024-11-04 03:32:54'),
(791, 24, 'Abiacao', 'TBD', 'TBD', NULL, '2024-11-04 03:32:54', '2024-11-04 03:32:54'),
(792, 24, 'Bagong Tubig', 'TBD', 'TBD', NULL, '2024-11-04 03:32:54', '2024-11-04 03:32:54'),
(793, 24, 'Balagtasin', 'TBD', 'TBD', NULL, '2024-11-04 03:32:54', '2024-11-04 03:32:54'),
(794, 24, 'Balite', 'TBD', 'TBD', NULL, '2024-11-04 03:32:54', '2024-11-04 03:32:54'),
(795, 24, 'Banoyo', 'TBD', 'TBD', NULL, '2024-11-04 03:32:54', '2024-11-04 03:32:54'),
(796, 24, 'Boboy', 'TBD', 'TBD', NULL, '2024-11-04 03:32:54', '2024-11-04 03:32:54'),
(797, 24, 'Bonliw', 'TBD', 'TBD', NULL, '2024-11-04 03:32:54', '2024-11-04 03:32:54'),
(798, 24, 'Calumpang West', 'TBD', 'TBD', NULL, '2024-11-04 03:32:54', '2024-11-04 03:32:54'),
(799, 24, 'Calumpang East', 'TBD', 'TBD', NULL, '2024-11-04 03:32:54', '2024-11-04 03:32:54'),
(800, 24, 'Dulangan', 'TBD', 'TBD', NULL, '2024-11-04 03:32:54', '2024-11-04 03:32:54'),
(801, 24, 'Durungao', 'TBD', 'TBD', NULL, '2024-11-04 03:32:54', '2024-11-04 03:32:54'),
(802, 24, 'Locloc', 'TBD', 'TBD', NULL, '2024-11-04 03:32:54', '2024-11-04 03:32:54'),
(803, 24, 'Luya', 'TBD', 'TBD', NULL, '2024-11-04 03:32:54', '2024-11-04 03:32:54'),
(804, 24, 'Mahabang Parang', 'TBD', 'TBD', NULL, '2024-11-04 03:32:54', '2024-11-04 03:32:54'),
(805, 24, 'Manggahan', 'TBD', 'TBD', NULL, '2024-11-04 03:32:54', '2024-11-04 03:32:54'),
(806, 24, 'Muzon', 'TBD', 'TBD', NULL, '2024-11-04 03:32:54', '2024-11-04 03:32:54'),
(807, 24, 'San Antonio', 'TBD', 'TBD', NULL, '2024-11-04 03:32:54', '2024-11-04 03:32:54'),
(808, 24, 'San Isidro', 'TBD', 'TBD', NULL, '2024-11-04 03:32:54', '2024-11-04 03:32:54'),
(809, 24, 'San Jose', 'TBD', 'TBD', NULL, '2024-11-04 03:32:54', '2024-11-04 03:32:54'),
(810, 24, 'San Martin', 'TBD', 'TBD', NULL, '2024-11-04 03:32:54', '2024-11-04 03:32:54'),
(811, 24, 'Santa Monica', 'TBD', 'TBD', NULL, '2024-11-04 03:32:54', '2024-11-04 03:32:54'),
(812, 24, 'Taliba', 'TBD', 'TBD', NULL, '2024-11-04 03:32:54', '2024-11-04 03:32:54'),
(813, 24, 'Talon', 'TBD', 'TBD', NULL, '2024-11-04 03:32:54', '2024-11-04 03:32:54'),
(814, 24, 'Tejero', 'TBD', 'TBD', NULL, '2024-11-04 03:32:54', '2024-11-04 03:32:54'),
(815, 24, 'Tungal', 'TBD', 'TBD', NULL, '2024-11-04 03:32:54', '2024-11-04 03:32:54'),
(816, 24, 'Poblacion', 'TBD', 'TBD', NULL, '2024-11-04 03:32:54', '2024-11-04 03:32:54'),
(817, 25, 'Abelo', 'TBD', 'TBD', NULL, '2024-11-04 03:32:54', '2024-11-04 03:32:54'),
(818, 25, 'Balete', 'TBD', 'TBD', NULL, '2024-11-04 03:32:54', '2024-11-04 03:32:54'),
(819, 25, 'Baluk-baluk', 'TBD', 'TBD', NULL, '2024-11-04 03:32:54', '2024-11-04 03:32:54'),
(820, 25, 'Bancoro', 'TBD', 'TBD', NULL, '2024-11-04 03:32:54', '2024-11-04 03:32:54'),
(821, 25, 'Bangin', 'TBD', 'TBD', NULL, '2024-11-04 03:32:54', '2024-11-04 03:32:54'),
(822, 25, 'Calangay', 'TBD', 'TBD', NULL, '2024-11-04 03:32:54', '2024-11-04 03:32:54'),
(823, 25, 'Hipit', 'TBD', 'TBD', NULL, '2024-11-04 03:32:54', '2024-11-04 03:32:54'),
(824, 25, 'Maabud North', 'TBD', 'TBD', NULL, '2024-11-04 03:32:54', '2024-11-04 03:32:54'),
(825, 25, 'Maabud South', 'TBD', 'TBD', NULL, '2024-11-04 03:32:54', '2024-11-04 03:32:54'),
(826, 25, 'Munlawin', 'TBD', 'TBD', NULL, '2024-11-04 03:32:54', '2024-11-04 03:32:54'),
(827, 25, 'Pansipit', 'TBD', 'TBD', NULL, '2024-11-04 03:32:54', '2024-11-04 03:32:54'),
(828, 25, 'Poblacion', 'TBD', 'TBD', NULL, '2024-11-04 03:32:54', '2024-11-04 03:32:54'),
(829, 25, 'Santo Niño', 'TBD', 'TBD', NULL, '2024-11-04 03:32:54', '2024-11-04 03:32:54'),
(830, 25, 'Sinturisan', 'TBD', 'TBD', NULL, '2024-11-04 03:32:54', '2024-11-04 03:32:54'),
(831, 25, 'Tagudtod', 'TBD', 'TBD', NULL, '2024-11-04 03:32:54', '2024-11-04 03:32:54'),
(832, 25, 'Talang', 'TBD', 'TBD', NULL, '2024-11-04 03:32:54', '2024-11-04 03:32:54'),
(833, 25, 'Alas-as', 'TBD', 'TBD', NULL, '2024-11-04 03:32:54', '2024-11-04 03:32:54'),
(834, 25, 'Pulang-Bato', 'TBD', 'TBD', NULL, '2024-11-04 03:32:54', '2024-11-04 03:32:54'),
(835, 26, 'Alalum', 'TBD', 'TBD', NULL, '2024-11-04 03:32:54', '2024-11-04 03:32:54'),
(836, 26, 'Antipolo', 'TBD', 'TBD', NULL, '2024-11-04 03:32:54', '2024-11-04 03:32:54'),
(837, 26, 'Balimbing', 'TBD', 'TBD', NULL, '2024-11-04 03:32:54', '2024-11-04 03:32:54'),
(838, 26, 'Banaba', 'TBD', 'TBD', NULL, '2024-11-04 03:32:54', '2024-11-04 03:32:54'),
(839, 26, 'Bayanan', 'TBD', 'TBD', NULL, '2024-11-04 03:32:54', '2024-11-04 03:32:54'),
(840, 26, 'Danglayan', 'TBD', 'TBD', NULL, '2024-11-04 03:32:54', '2024-11-04 03:32:54'),
(841, 26, 'Del Pilar', 'TBD', 'TBD', NULL, '2024-11-04 03:32:54', '2024-11-04 03:32:54'),
(842, 26, 'Gelerang Kawayan', 'TBD', 'TBD', NULL, '2024-11-04 03:32:54', '2024-11-04 03:32:54'),
(843, 26, 'Ilat North', 'TBD', 'TBD', NULL, '2024-11-04 03:32:54', '2024-11-04 03:32:54'),
(844, 26, 'Ilat South', 'TBD', 'TBD', NULL, '2024-11-04 03:32:54', '2024-11-04 03:32:54'),
(845, 26, 'Kaingin', 'TBD', 'TBD', NULL, '2024-11-04 03:32:54', '2024-11-04 03:32:54'),
(846, 26, 'Laurel', 'TBD', 'TBD', NULL, '2024-11-04 03:32:54', '2024-11-04 03:32:54'),
(847, 26, 'Malaking Pook', 'TBD', 'TBD', NULL, '2024-11-04 03:32:54', '2024-11-04 03:32:54'),
(848, 26, 'Mataas Na Lupa', 'TBD', 'TBD', NULL, '2024-11-04 03:32:54', '2024-11-04 03:32:54'),
(849, 26, 'Natunuan North', 'TBD', 'TBD', NULL, '2024-11-04 03:32:54', '2024-11-04 03:32:54'),
(850, 26, 'Natunuan South', 'TBD', 'TBD', NULL, '2024-11-04 03:32:54', '2024-11-04 03:32:54'),
(851, 26, 'Padre Castillo', 'TBD', 'TBD', NULL, '2024-11-04 03:32:54', '2024-11-04 03:32:54'),
(852, 26, 'Palsahingin', 'TBD', 'TBD', NULL, '2024-11-04 03:32:54', '2024-11-04 03:32:54'),
(853, 26, 'Pila', 'TBD', 'TBD', NULL, '2024-11-04 03:32:54', '2024-11-04 03:32:54'),
(854, 26, 'Poblacion', 'TBD', 'TBD', NULL, '2024-11-04 03:32:54', '2024-11-04 03:32:54'),
(855, 26, 'Pook Ni Banal', 'TBD', 'TBD', NULL, '2024-11-04 03:32:54', '2024-11-04 03:32:54'),
(856, 26, 'Pook Ni Kapitan', 'TBD', 'TBD', NULL, '2024-11-04 03:32:54', '2024-11-04 03:32:54'),
(857, 26, 'Resplandor', 'TBD', 'TBD', NULL, '2024-11-04 03:32:54', '2024-11-04 03:32:54'),
(858, 26, 'Sambat', 'TBD', 'TBD', NULL, '2024-11-04 03:32:54', '2024-11-04 03:32:54'),
(859, 26, 'San Antonio', 'TBD', 'TBD', NULL, '2024-11-04 03:32:54', '2024-11-04 03:32:54'),
(860, 26, 'San Mariano', 'TBD', 'TBD', NULL, '2024-11-04 03:32:54', '2024-11-04 03:32:54'),
(861, 26, 'San Mateo', 'TBD', 'TBD', NULL, '2024-11-04 03:32:54', '2024-11-04 03:32:54'),
(862, 26, 'Santa Elena', 'TBD', 'TBD', NULL, '2024-11-04 03:32:54', '2024-11-04 03:32:54'),
(863, 26, 'Santo Niño', 'TBD', 'TBD', NULL, '2024-11-04 03:32:54', '2024-11-04 03:32:54'),
(864, 27, 'Antipolo', 'TBD', 'TBD', NULL, '2024-11-04 03:32:54', '2024-11-04 03:32:54'),
(865, 27, 'Bihis', 'TBD', 'TBD', NULL, '2024-11-04 03:32:54', '2024-11-04 03:32:54'),
(866, 27, 'Burol', 'TBD', 'TBD', NULL, '2024-11-04 03:32:54', '2024-11-04 03:32:54'),
(867, 27, 'Calayaan', 'TBD', 'TBD', NULL, '2024-11-04 03:32:54', '2024-11-04 03:32:54'),
(868, 27, 'Calumala', 'TBD', 'TBD', NULL, '2024-11-04 03:32:54', '2024-11-04 03:32:54'),
(869, 27, 'Cuta East', 'TBD', 'TBD', NULL, '2024-11-04 03:32:54', '2024-11-04 03:32:54'),
(870, 27, 'Cutang Cawayan', 'TBD', 'TBD', NULL, '2024-11-04 03:32:54', '2024-11-04 03:32:54'),
(871, 27, 'Irukan', 'TBD', 'TBD', NULL, '2024-11-04 03:32:54', '2024-11-04 03:32:54'),
(872, 27, 'Pacifico', 'TBD', 'TBD', NULL, '2024-11-04 03:32:54', '2024-11-04 03:32:54'),
(873, 27, 'Poblacion I', 'TBD', 'TBD', NULL, '2024-11-04 03:32:54', '2024-11-04 03:32:54'),
(874, 27, 'Saimsim', 'TBD', 'TBD', NULL, '2024-11-04 03:32:54', '2024-11-04 03:32:54'),
(875, 27, 'Sampa', 'TBD', 'TBD', NULL, '2024-11-04 03:32:54', '2024-11-04 03:32:54'),
(876, 27, 'Sinipian', 'TBD', 'TBD', NULL, '2024-11-04 03:32:54', '2024-11-04 03:32:54'),
(877, 27, 'Tambo Ibaba', 'TBD', 'TBD', NULL, '2024-11-04 03:32:54', '2024-11-04 03:32:54'),
(878, 27, 'Tambo Ilaya', 'TBD', 'TBD', NULL, '2024-11-04 03:32:54', '2024-11-04 03:32:54'),
(879, 27, 'Poblacion II', 'TBD', 'TBD', NULL, '2024-11-04 03:32:54', '2024-11-04 03:32:54'),
(880, 27, 'Poblacion III', 'TBD', 'TBD', NULL, '2024-11-04 03:32:54', '2024-11-04 03:32:54'),
(881, 28, 'Barangay I', 'TBD', 'TBD', NULL, '2024-11-04 03:32:54', '2024-11-04 03:32:54'),
(882, 28, 'Barangay II', 'TBD', 'TBD', NULL, '2024-11-04 03:32:54', '2024-11-04 03:32:54'),
(883, 28, 'Barangay III', 'TBD', 'TBD', NULL, '2024-11-04 03:32:54', '2024-11-04 03:32:54'),
(884, 28, 'Barangay IV', 'TBD', 'TBD', NULL, '2024-11-04 03:32:54', '2024-11-04 03:32:54'),
(885, 28, 'San Agustin', 'TBD', 'TBD', NULL, '2024-11-04 03:32:54', '2024-11-04 03:32:54'),
(886, 28, 'San Antonio', 'TBD', 'TBD', NULL, '2024-11-04 03:32:54', '2024-11-04 03:32:54'),
(887, 28, 'San Bartolome', 'TBD', 'TBD', NULL, '2024-11-04 03:32:54', '2024-11-04 03:32:54'),
(888, 28, 'San Felix', 'TBD', 'TBD', NULL, '2024-11-04 03:32:54', '2024-11-04 03:32:54'),
(889, 28, 'San Fernando', 'TBD', 'TBD', NULL, '2024-11-04 03:32:54', '2024-11-04 03:32:54'),
(890, 28, 'San Francisco', 'TBD', 'TBD', NULL, '2024-11-04 03:32:54', '2024-11-04 03:32:54'),
(891, 28, 'San Isidro Norte', 'TBD', 'TBD', NULL, '2024-11-04 03:32:54', '2024-11-04 03:32:54'),
(892, 28, 'San Isidro Sur', 'TBD', 'TBD', NULL, '2024-11-04 03:32:54', '2024-11-04 03:32:54'),
(893, 28, 'San Joaquin', 'TBD', 'TBD', NULL, '2024-11-04 03:32:54', '2024-11-04 03:32:54'),
(894, 28, 'San Jose', 'TBD', 'TBD', NULL, '2024-11-04 03:32:54', '2024-11-04 03:32:54'),
(895, 28, 'San Juan', 'TBD', 'TBD', NULL, '2024-11-04 03:32:54', '2024-11-04 03:32:54'),
(896, 28, 'San Luis', 'TBD', 'TBD', NULL, '2024-11-04 03:32:54', '2024-11-04 03:32:54'),
(897, 28, 'San Miguel', 'TBD', 'TBD', NULL, '2024-11-04 03:32:54', '2024-11-04 03:32:54'),
(898, 28, 'San Pablo', 'TBD', 'TBD', NULL, '2024-11-04 03:32:54', '2024-11-04 03:32:54'),
(899, 28, 'San Pedro', 'TBD', 'TBD', NULL, '2024-11-04 03:32:54', '2024-11-04 03:32:54'),
(900, 28, 'San Rafael', 'TBD', 'TBD', NULL, '2024-11-04 03:32:54', '2024-11-04 03:32:54'),
(901, 28, 'San Roque', 'TBD', 'TBD', NULL, '2024-11-04 03:32:54', '2024-11-04 03:32:54'),
(902, 28, 'San Vicente', 'TBD', 'TBD', NULL, '2024-11-04 03:32:54', '2024-11-04 03:32:54'),
(903, 28, 'Santa Ana', 'TBD', 'TBD', NULL, '2024-11-04 03:32:54', '2024-11-04 03:32:54'),
(904, 28, 'Santa Anastacia', 'TBD', 'TBD', NULL, '2024-11-04 03:32:54', '2024-11-04 03:32:54'),
(905, 28, 'Santa Clara', 'TBD', 'TBD', NULL, '2024-11-04 03:32:54', '2024-11-04 03:32:54'),
(906, 28, 'Santa Cruz', 'TBD', 'TBD', NULL, '2024-11-04 03:32:54', '2024-11-04 03:32:54'),
(907, 28, 'Santa Elena', 'TBD', 'TBD', NULL, '2024-11-04 03:32:54', '2024-11-04 03:32:54'),
(908, 28, 'Santa Maria', 'TBD', 'TBD', NULL, '2024-11-04 03:32:54', '2024-11-04 03:32:54'),
(909, 28, 'Santiago', 'TBD', 'TBD', NULL, '2024-11-04 03:32:54', '2024-11-04 03:32:54'),
(910, 28, 'Santa Teresita', 'TBD', 'TBD', NULL, '2024-11-04 03:32:54', '2024-11-04 03:32:54'),
(911, 29, 'Apacay', 'TBD', 'TBD', NULL, '2024-11-04 03:32:54', '2024-11-04 03:32:54'),
(912, 29, 'Balisong', 'TBD', 'TBD', NULL, '2024-11-04 03:32:54', '2024-11-04 03:32:54'),
(913, 29, 'Bihis', 'TBD', 'TBD', NULL, '2024-11-04 03:32:54', '2024-11-04 03:32:54'),
(914, 29, 'Bolbok', 'TBD', 'TBD', NULL, '2024-11-04 03:32:54', '2024-11-04 03:32:54'),
(915, 29, 'Buli', 'TBD', 'TBD', NULL, '2024-11-04 03:32:54', '2024-11-04 03:32:54'),
(916, 29, 'Butong', 'TBD', 'TBD', NULL, '2024-11-04 03:32:54', '2024-11-04 03:32:54'),
(917, 29, 'Carasuche', 'TBD', 'TBD', NULL, '2024-11-04 03:32:54', '2024-11-04 03:32:54'),
(918, 29, 'Cawit', 'TBD', 'TBD', NULL, '2024-11-04 03:32:54', '2024-11-04 03:32:54'),
(919, 29, 'Caysasay', 'TBD', 'TBD', NULL, '2024-11-04 03:32:54', '2024-11-04 03:32:54'),
(920, 29, 'Cubamba', 'TBD', 'TBD', NULL, '2024-11-04 03:32:54', '2024-11-04 03:32:54'),
(921, 29, 'Cultihan', 'TBD', 'TBD', NULL, '2024-11-04 03:32:54', '2024-11-04 03:32:54'),
(922, 29, 'Gahol', 'TBD', 'TBD', NULL, '2024-11-04 03:32:54', '2024-11-04 03:32:54'),
(923, 29, 'Halang', 'TBD', 'TBD', NULL, '2024-11-04 03:32:54', '2024-11-04 03:32:54'),
(924, 29, 'Iba', 'TBD', 'TBD', NULL, '2024-11-04 03:32:54', '2024-11-04 03:32:54'),
(925, 29, 'Ilog', 'TBD', 'TBD', NULL, '2024-11-04 03:32:54', '2024-11-04 03:32:54'),
(926, 29, 'Imamawo', 'TBD', 'TBD', NULL, '2024-11-04 03:32:54', '2024-11-04 03:32:54'),
(927, 29, 'Ipil', 'TBD', 'TBD', NULL, '2024-11-04 03:32:54', '2024-11-04 03:32:54'),
(928, 29, 'Luntal', 'TBD', 'TBD', NULL, '2024-11-04 03:32:54', '2024-11-04 03:32:54'),
(929, 29, 'Mahabang Lodlod', 'TBD', 'TBD', NULL, '2024-11-04 03:32:54', '2024-11-04 03:32:54'),
(930, 29, 'Niogan', 'TBD', 'TBD', NULL, '2024-11-04 03:32:54', '2024-11-04 03:32:54'),
(931, 29, 'Pansol', 'TBD', 'TBD', NULL, '2024-11-04 03:32:54', '2024-11-04 03:32:54'),
(932, 29, 'Poblacion 11', 'TBD', 'TBD', NULL, '2024-11-04 03:32:54', '2024-11-04 03:32:54'),
(933, 29, 'Poblacion 1', 'TBD', 'TBD', NULL, '2024-11-04 03:32:54', '2024-11-04 03:32:54'),
(934, 29, 'Poblacion 10', 'TBD', 'TBD', NULL, '2024-11-04 03:32:54', '2024-11-04 03:32:54'),
(935, 29, 'Poblacion 12', 'TBD', 'TBD', NULL, '2024-11-04 03:32:54', '2024-11-04 03:32:54'),
(936, 29, 'Poblacion 2', 'TBD', 'TBD', NULL, '2024-11-04 03:32:54', '2024-11-04 03:32:54'),
(937, 29, 'Poblacion 3', 'TBD', 'TBD', NULL, '2024-11-04 03:32:54', '2024-11-04 03:32:54'),
(938, 29, 'Poblacion 4', 'TBD', 'TBD', NULL, '2024-11-04 03:32:54', '2024-11-04 03:32:54'),
(939, 29, 'Poblacion 5', 'TBD', 'TBD', NULL, '2024-11-04 03:32:54', '2024-11-04 03:32:54'),
(940, 29, 'Poblacion 6', 'TBD', 'TBD', NULL, '2024-11-04 03:32:54', '2024-11-04 03:32:54'),
(941, 29, 'Poblacion 7', 'TBD', 'TBD', NULL, '2024-11-04 03:32:54', '2024-11-04 03:32:54'),
(942, 29, 'Poblacion 8', 'TBD', 'TBD', NULL, '2024-11-04 03:32:54', '2024-11-04 03:32:54'),
(943, 29, 'Poblacion 9', 'TBD', 'TBD', NULL, '2024-11-04 03:32:54', '2024-11-04 03:32:54'),
(944, 29, 'Pook', 'TBD', 'TBD', NULL, '2024-11-04 03:32:54', '2024-11-04 03:32:54'),
(945, 29, 'Seiran', 'TBD', 'TBD', NULL, '2024-11-04 03:32:54', '2024-11-04 03:32:54'),
(946, 29, 'Laguile', 'TBD', 'TBD', NULL, '2024-11-04 03:32:54', '2024-11-04 03:32:54'),
(947, 29, 'Latag', 'TBD', 'TBD', NULL, '2024-11-04 03:32:54', '2024-11-04 03:32:54'),
(948, 29, 'Tierra Alta', 'TBD', 'TBD', NULL, '2024-11-04 03:32:54', '2024-11-04 03:32:54'),
(949, 29, 'Tulo', 'TBD', 'TBD', NULL, '2024-11-04 03:32:54', '2024-11-04 03:32:54'),
(950, 29, 'Tatlong Maria', 'TBD', 'TBD', NULL, '2024-11-04 03:32:54', '2024-11-04 03:32:54'),
(951, 29, 'Poblacion 13', 'TBD', 'TBD', NULL, '2024-11-04 03:32:54', '2024-11-04 03:32:54'),
(952, 29, 'Poblacion 14', 'TBD', 'TBD', NULL, '2024-11-04 03:32:54', '2024-11-04 03:32:54'),
(953, 30, 'Aya', 'TBD', 'TBD', NULL, '2024-11-04 03:32:54', '2024-11-04 03:32:54'),
(954, 30, 'Balas', 'TBD', 'TBD', NULL, '2024-11-04 03:32:54', '2024-11-04 03:32:54'),
(955, 30, 'Banga', 'TBD', 'TBD', NULL, '2024-11-04 03:32:54', '2024-11-04 03:32:54'),
(956, 30, 'Buco', 'TBD', 'TBD', NULL, '2024-11-04 03:32:54', '2024-11-04 03:32:54'),
(957, 30, 'Caloocan', 'TBD', 'TBD', NULL, '2024-11-04 03:32:54', '2024-11-04 03:32:54'),
(958, 30, 'Leynes', 'TBD', 'TBD', NULL, '2024-11-04 03:32:54', '2024-11-04 03:32:54'),
(959, 30, 'Miranda', 'TBD', 'TBD', NULL, '2024-11-04 03:32:54', '2024-11-04 03:32:54'),
(960, 30, 'Poblacion Barangay 1', 'TBD', 'TBD', NULL, '2024-11-04 03:32:54', '2024-11-04 03:32:54'),
(961, 30, 'Poblacion Barangay 2', 'TBD', 'TBD', NULL, '2024-11-04 03:32:54', '2024-11-04 03:32:54'),
(962, 30, 'Poblacion Barangay 3', 'TBD', 'TBD', NULL, '2024-11-04 03:32:54', '2024-11-04 03:32:54'),
(963, 30, 'Poblacion Barangay 4', 'TBD', 'TBD', NULL, '2024-11-04 03:32:54', '2024-11-04 03:32:54'),
(964, 30, 'Poblacion Barangay 5', 'TBD', 'TBD', NULL, '2024-11-04 03:32:54', '2024-11-04 03:32:54'),
(965, 30, 'Poblacion Barangay 6', 'TBD', 'TBD', NULL, '2024-11-04 03:32:54', '2024-11-04 03:32:54'),
(966, 30, 'Poblacion Barangay 7', 'TBD', 'TBD', NULL, '2024-11-04 03:32:54', '2024-11-04 03:32:54'),
(967, 30, 'Poblacion Barangay 8', 'TBD', 'TBD', NULL, '2024-11-04 03:32:54', '2024-11-04 03:32:54'),
(968, 30, 'Quiling', 'TBD', 'TBD', NULL, '2024-11-04 03:32:54', '2024-11-04 03:32:54'),
(969, 30, 'Sampaloc', 'TBD', 'TBD', NULL, '2024-11-04 03:32:54', '2024-11-04 03:32:54'),
(970, 30, 'San Guillermo', 'TBD', 'TBD', NULL, '2024-11-04 03:32:54', '2024-11-04 03:32:54'),
(971, 30, 'Santa Maria', 'TBD', 'TBD', NULL, '2024-11-04 03:32:54', '2024-11-04 03:32:54'),
(972, 30, 'Tranca', 'TBD', 'TBD', NULL, '2024-11-04 03:32:54', '2024-11-04 03:32:54'),
(973, 30, 'Tumaway', 'TBD', 'TBD', NULL, '2024-11-04 03:32:54', '2024-11-04 03:32:54'),
(974, 31, 'Altura Bata', 'TBD', 'TBD', NULL, '2024-11-04 03:32:54', '2024-11-04 03:32:54'),
(975, 31, 'Altura Matanda', 'TBD', 'TBD', NULL, '2024-11-04 03:32:54', '2024-11-04 03:32:54'),
(976, 31, 'Altura-South', 'TBD', 'TBD', NULL, '2024-11-04 03:32:54', '2024-11-04 03:32:54'),
(977, 31, 'Ambulong', 'TBD', 'TBD', NULL, '2024-11-04 03:32:54', '2024-11-04 03:32:54'),
(978, 31, 'Banadero', 'TBD', 'TBD', NULL, '2024-11-04 03:32:54', '2024-11-04 03:32:54'),
(979, 31, 'Bagbag', 'TBD', 'TBD', NULL, '2024-11-04 03:32:54', '2024-11-04 03:32:54'),
(980, 31, 'Bagumbayan', 'TBD', 'TBD', NULL, '2024-11-04 03:32:54', '2024-11-04 03:32:54'),
(981, 31, 'Balele', 'TBD', 'TBD', NULL, '2024-11-04 03:32:54', '2024-11-04 03:32:54'),
(982, 31, 'Banjo East', 'TBD', 'TBD', NULL, '2024-11-04 03:32:54', '2024-11-04 03:32:54'),
(983, 31, 'Banjo Laurel', 'TBD', 'TBD', NULL, '2024-11-04 03:32:54', '2024-11-04 03:32:54'),
(984, 31, 'Bilog-bilog', 'TBD', 'TBD', NULL, '2024-11-04 03:32:54', '2024-11-04 03:32:54'),
(985, 31, 'Boot', 'TBD', 'TBD', NULL, '2024-11-04 03:32:54', '2024-11-04 03:32:54'),
(986, 31, 'Cale', 'TBD', 'TBD', NULL, '2024-11-04 03:32:54', '2024-11-04 03:32:54'),
(987, 31, 'Darasa', 'TBD', 'TBD', NULL, '2024-11-04 03:32:54', '2024-11-04 03:32:54'),
(988, 31, 'Pagaspas', 'TBD', 'TBD', NULL, '2024-11-04 03:32:54', '2024-11-04 03:32:54'),
(989, 31, 'Gonzales', 'TBD', 'TBD', NULL, '2024-11-04 03:32:54', '2024-11-04 03:32:54'),
(990, 31, 'Hidalgo', 'TBD', 'TBD', NULL, '2024-11-04 03:32:54', '2024-11-04 03:32:54'),
(991, 31, 'Janopol', 'TBD', 'TBD', NULL, '2024-11-04 03:32:54', '2024-11-04 03:32:54'),
(992, 31, 'Janopol Oriental', 'TBD', 'TBD', NULL, '2024-11-04 03:32:54', '2024-11-04 03:32:54'),
(993, 31, 'Laurel', 'TBD', 'TBD', NULL, '2024-11-04 03:32:54', '2024-11-04 03:32:54'),
(994, 31, 'Luyos', 'TBD', 'TBD', NULL, '2024-11-04 03:32:54', '2024-11-04 03:32:54'),
(995, 31, 'Mabini', 'TBD', 'TBD', NULL, '2024-11-04 03:32:54', '2024-11-04 03:32:54'),
(996, 31, 'Malaking Pulo', 'TBD', 'TBD', NULL, '2024-11-04 03:32:54', '2024-11-04 03:32:54'),
(997, 31, 'Maria Paz', 'TBD', 'TBD', NULL, '2024-11-04 03:32:54', '2024-11-04 03:32:54'),
(998, 31, 'Maugat', 'TBD', 'TBD', NULL, '2024-11-04 03:32:54', '2024-11-04 03:32:54'),
(999, 31, 'Montaña', 'TBD', 'TBD', NULL, '2024-11-04 03:32:54', '2024-11-04 03:32:54'),
(1000, 31, 'Natatas', 'TBD', 'TBD', NULL, '2024-11-04 03:32:54', '2024-11-04 03:32:54'),
(1001, 31, 'Pantay Matanda', 'TBD', 'TBD', NULL, '2024-11-04 03:32:54', '2024-11-04 03:32:54'),
(1002, 31, 'Pantay Bata', 'TBD', 'TBD', NULL, '2024-11-04 03:32:54', '2024-11-04 03:32:54'),
(1003, 31, 'Poblacion Barangay 1', 'TBD', 'TBD', NULL, '2024-11-04 03:32:54', '2024-11-04 03:32:54'),
(1004, 31, 'Poblacion Barangay 2', 'TBD', 'TBD', NULL, '2024-11-04 03:32:54', '2024-11-04 03:32:54'),
(1005, 31, 'Poblacion Barangay 3', 'TBD', 'TBD', NULL, '2024-11-04 03:32:54', '2024-11-04 03:32:54'),
(1006, 31, 'Poblacion Barangay 4', 'TBD', 'TBD', NULL, '2024-11-04 03:32:54', '2024-11-04 03:32:54'),
(1007, 31, 'Poblacion Barangay 5', 'TBD', 'TBD', NULL, '2024-11-04 03:32:54', '2024-11-04 03:32:54'),
(1008, 31, 'Poblacion Barangay 6', 'TBD', 'TBD', NULL, '2024-11-04 03:32:54', '2024-11-04 03:32:54'),
(1009, 31, 'Poblacion Barangay 7', 'TBD', 'TBD', NULL, '2024-11-04 03:32:54', '2024-11-04 03:32:54'),
(1010, 31, 'Sala', 'TBD', 'TBD', NULL, '2024-11-04 03:32:54', '2024-11-04 03:32:54'),
(1011, 31, 'Sambat', 'TBD', 'TBD', NULL, '2024-11-04 03:32:54', '2024-11-04 03:32:54'),
(1012, 31, 'San Jose', 'TBD', 'TBD', NULL, '2024-11-04 03:32:54', '2024-11-04 03:32:54'),
(1013, 31, 'Santol', 'TBD', 'TBD', NULL, '2024-11-04 03:32:54', '2024-11-04 03:32:54'),
(1014, 31, 'Santor', 'TBD', 'TBD', NULL, '2024-11-04 03:32:54', '2024-11-04 03:32:54'),
(1015, 31, 'Sulpoc', 'TBD', 'TBD', NULL, '2024-11-04 03:32:54', '2024-11-04 03:32:54'),
(1016, 31, 'Suplang', 'TBD', 'TBD', NULL, '2024-11-04 03:32:54', '2024-11-04 03:32:54'),
(1017, 31, 'Talaga', 'TBD', 'TBD', NULL, '2024-11-04 03:32:54', '2024-11-04 03:32:54'),
(1018, 31, 'Tinurik', 'TBD', 'TBD', NULL, '2024-11-04 03:32:54', '2024-11-04 03:32:54'),
(1019, 31, 'Trapiche', 'TBD', 'TBD', NULL, '2024-11-04 03:32:54', '2024-11-04 03:32:54'),
(1020, 31, 'Ulango', 'TBD', 'TBD', NULL, '2024-11-04 03:32:54', '2024-11-04 03:32:54'),
(1021, 31, 'Wawa', 'TBD', 'TBD', NULL, '2024-11-04 03:32:54', '2024-11-04 03:32:54'),
(1022, 32, 'Bacao', 'TBD', 'TBD', NULL, '2024-11-04 03:32:54', '2024-11-04 03:32:54'),
(1023, 32, 'Bilogo', 'TBD', 'TBD', NULL, '2024-11-04 03:32:54', '2024-11-04 03:32:54'),
(1024, 32, 'Bukal', 'TBD', 'TBD', NULL, '2024-11-04 03:32:54', '2024-11-04 03:32:54'),
(1025, 32, 'Dagatan', 'TBD', 'TBD', NULL, '2024-11-04 03:32:54', '2024-11-04 03:32:54'),
(1026, 32, 'Guinhawa', 'TBD', 'TBD', NULL, '2024-11-04 03:32:54', '2024-11-04 03:32:54'),
(1027, 32, 'Laurel', 'TBD', 'TBD', NULL, '2024-11-04 03:32:54', '2024-11-04 03:32:54'),
(1028, 32, 'Mabayabas', 'TBD', 'TBD', NULL, '2024-11-04 03:32:54', '2024-11-04 03:32:54'),
(1029, 32, 'Mahanadiong', 'TBD', 'TBD', NULL, '2024-11-04 03:32:54', '2024-11-04 03:32:54'),
(1030, 32, 'Mapulo', 'TBD', 'TBD', NULL, '2024-11-04 03:32:54', '2024-11-04 03:32:54'),
(1031, 32, 'Mataas Na Lupa', 'TBD', 'TBD', NULL, '2024-11-04 03:32:54', '2024-11-04 03:32:54'),
(1032, 32, 'Pag-Asa', 'TBD', 'TBD', NULL, '2024-11-04 03:32:54', '2024-11-04 03:32:54'),
(1033, 32, 'Panghayaan', 'TBD', 'TBD', NULL, '2024-11-04 03:32:54', '2024-11-04 03:32:54'),
(1034, 32, 'Piña', 'TBD', 'TBD', NULL, '2024-11-04 03:32:54', '2024-11-04 03:32:54'),
(1035, 32, 'Pinagbayanan', 'TBD', 'TBD', NULL, '2024-11-04 03:32:54', '2024-11-04 03:32:54'),
(1036, 32, 'Poblacion East', 'TBD', 'TBD', NULL, '2024-11-04 03:32:54', '2024-11-04 03:32:54'),
(1037, 32, 'Poblacion West', 'TBD', 'TBD', NULL, '2024-11-04 03:32:54', '2024-11-04 03:32:54'),
(1038, 32, 'San Isidro', 'TBD', 'TBD', NULL, '2024-11-04 03:32:54', '2024-11-04 03:32:54'),
(1039, 32, 'San Marcelino', 'TBD', 'TBD', NULL, '2024-11-04 03:32:54', '2024-11-04 03:32:54'),
(1040, 32, 'Santo Niño', 'TBD', 'TBD', NULL, '2024-11-04 03:32:54', '2024-11-04 03:32:54'),
(1041, 32, 'Tilambo', 'TBD', 'TBD', NULL, '2024-11-04 03:32:54', '2024-11-04 03:32:54'),
(1042, 33, 'Corona', 'TBD', 'TBD', NULL, '2024-11-04 03:32:54', '2024-11-04 03:32:54'),
(1043, 33, 'Gamao', 'TBD', 'TBD', NULL, '2024-11-04 03:32:54', '2024-11-04 03:32:54'),
(1044, 33, 'Makawayan', 'TBD', 'TBD', NULL, '2024-11-04 03:32:54', '2024-11-04 03:32:54'),
(1045, 33, 'Marikaban', 'TBD', 'TBD', NULL, '2024-11-04 03:32:54', '2024-11-04 03:32:54'),
(1046, 33, 'Papaya', 'TBD', 'TBD', NULL, '2024-11-04 03:32:54', '2024-11-04 03:32:54'),
(1047, 33, 'Pisa', 'TBD', 'TBD', NULL, '2024-11-04 03:32:54', '2024-11-04 03:32:54'),
(1048, 33, 'Barangay 13', 'TBD', 'TBD', NULL, '2024-11-04 03:32:54', '2024-11-04 03:32:54'),
(1049, 33, 'Barangay 14', 'TBD', 'TBD', NULL, '2024-11-04 03:32:54', '2024-11-04 03:32:54'),
(1050, 33, 'Barangay 15', 'TBD', 'TBD', NULL, '2024-11-04 03:32:54', '2024-11-04 03:32:54'),
(1051, 33, 'San Isidro', 'TBD', 'TBD', NULL, '2024-11-04 03:32:54', '2024-11-04 03:32:54'),
(1052, 33, 'San Jose', 'TBD', 'TBD', NULL, '2024-11-04 03:32:54', '2024-11-04 03:32:54'),
(1053, 33, 'San Juan', 'TBD', 'TBD', NULL, '2024-11-04 03:32:54', '2024-11-04 03:32:54'),
(1054, 33, 'San Pedro', 'TBD', 'TBD', NULL, '2024-11-04 03:32:54', '2024-11-04 03:32:54'),
(1055, 33, 'Santo Tomas', 'TBD', 'TBD', NULL, '2024-11-04 03:32:54', '2024-11-04 03:32:54'),
(1056, 33, 'Talahib', 'TBD', 'TBD', NULL, '2024-11-04 03:32:54', '2024-11-04 03:32:54'),
(1057, 34, 'Acle', 'TBD', 'TBD', NULL, '2024-11-04 03:32:54', '2024-11-04 03:32:54'),
(1058, 34, 'Bayudbud', 'TBD', 'TBD', NULL, '2024-11-04 03:32:54', '2024-11-04 03:32:54'),
(1059, 34, 'Bolboc', 'TBD', 'TBD', NULL, '2024-11-04 03:32:54', '2024-11-04 03:32:54'),
(1060, 34, 'Dalima', 'TBD', 'TBD', NULL, '2024-11-04 03:32:54', '2024-11-04 03:32:54'),
(1061, 34, 'Dao', 'TBD', 'TBD', NULL, '2024-11-04 03:32:54', '2024-11-04 03:32:54'),
(1062, 34, 'Guinhawa', 'TBD', 'TBD', NULL, '2024-11-04 03:32:54', '2024-11-04 03:32:54'),
(1063, 34, 'Lumbangan', 'TBD', 'TBD', NULL, '2024-11-04 03:32:54', '2024-11-04 03:32:54'),
(1064, 34, 'Luntal', 'TBD', 'TBD', NULL, '2024-11-04 03:32:54', '2024-11-04 03:32:54'),
(1065, 34, 'Magahis', 'TBD', 'TBD', NULL, '2024-11-04 03:32:54', '2024-11-04 03:32:54'),
(1066, 34, 'Malibu', 'TBD', 'TBD', NULL, '2024-11-04 03:32:54', '2024-11-04 03:32:54'),
(1067, 34, 'Mataywanac', 'TBD', 'TBD', NULL, '2024-11-04 03:32:54', '2024-11-04 03:32:54'),
(1068, 34, 'Palincaro', 'TBD', 'TBD', NULL, '2024-11-04 03:32:54', '2024-11-04 03:32:54'),
(1069, 34, 'Luna', 'TBD', 'TBD', NULL, '2024-11-04 03:32:54', '2024-11-04 03:32:54'),
(1070, 34, 'Burgos', 'TBD', 'TBD', NULL, '2024-11-04 03:32:54', '2024-11-04 03:32:54'),
(1071, 34, 'Rizal', 'TBD', 'TBD', NULL, '2024-11-04 03:32:54', '2024-11-04 03:32:54'),
(1072, 34, 'Rillo', 'TBD', 'TBD', NULL, '2024-11-04 03:32:54', '2024-11-04 03:32:54'),
(1073, 34, 'Putol', 'TBD', 'TBD', NULL, '2024-11-04 03:32:54', '2024-11-04 03:32:54'),
(1074, 34, 'Sabang', 'TBD', 'TBD', NULL, '2024-11-04 03:32:54', '2024-11-04 03:32:54'),
(1075, 34, 'San Jose', 'TBD', 'TBD', NULL, '2024-11-04 03:32:54', '2024-11-04 03:32:54'),
(1076, 34, 'Talon', 'TBD', 'TBD', NULL, '2024-11-04 03:32:54', '2024-11-04 03:32:54'),
(1077, 34, 'Toong', 'TBD', 'TBD', NULL, '2024-11-04 03:32:54', '2024-11-04 03:32:54'),
(1078, 34, 'Tuyon-tuyon', 'TBD', 'TBD', NULL, '2024-11-04 03:32:54', '2024-11-04 03:32:54');

-- --------------------------------------------------------

--
-- Table structure for table `cache`
--

CREATE TABLE `cache` (
  `key` varchar(255) NOT NULL,
  `value` mediumtext NOT NULL,
  `expiration` int(11) NOT NULL
) ENGINE=InnoDB DEFAULT CHARSET=utf8mb4 COLLATE=utf8mb4_unicode_ci;

--
-- Dumping data for table `cache`
--

INSERT INTO `cache` (`key`, `value`, `expiration`) VALUES
('a17961fa74e9275d529f489537f179c05d50c2f3', 'i:1;', 1730715857),
('a17961fa74e9275d529f489537f179c05d50c2f3:timer', 'i:1730715857;', 1730715857),
('spatie.permission.cache', 'a:3:{s:5:\"alias\";a:4:{s:1:\"a\";s:2:\"id\";s:1:\"b\";s:4:\"name\";s:1:\"c\";s:10:\"guard_name\";s:1:\"r\";s:5:\"roles\";}s:11:\"permissions\";a:102:{i:0;a:4:{s:1:\"a\";i:1;s:1:\"b\";s:12:\"view_amenity\";s:1:\"c\";s:3:\"web\";s:1:\"r\";a:1:{i:0;i:1;}}i:1;a:4:{s:1:\"a\";i:2;s:1:\"b\";s:16:\"view_any_amenity\";s:1:\"c\";s:3:\"web\";s:1:\"r\";a:1:{i:0;i:1;}}i:2;a:4:{s:1:\"a\";i:3;s:1:\"b\";s:14:\"create_amenity\";s:1:\"c\";s:3:\"web\";s:1:\"r\";a:1:{i:0;i:1;}}i:3;a:4:{s:1:\"a\";i:4;s:1:\"b\";s:14:\"update_amenity\";s:1:\"c\";s:3:\"web\";s:1:\"r\";a:1:{i:0;i:1;}}i:4;a:4:{s:1:\"a\";i:5;s:1:\"b\";s:15:\"restore_amenity\";s:1:\"c\";s:3:\"web\";s:1:\"r\";a:1:{i:0;i:1;}}i:5;a:4:{s:1:\"a\";i:6;s:1:\"b\";s:19:\"restore_any_amenity\";s:1:\"c\";s:3:\"web\";s:1:\"r\";a:1:{i:0;i:1;}}i:6;a:4:{s:1:\"a\";i:7;s:1:\"b\";s:17:\"replicate_amenity\";s:1:\"c\";s:3:\"web\";s:1:\"r\";a:1:{i:0;i:1;}}i:7;a:4:{s:1:\"a\";i:8;s:1:\"b\";s:15:\"reorder_amenity\";s:1:\"c\";s:3:\"web\";s:1:\"r\";a:1:{i:0;i:1;}}i:8;a:4:{s:1:\"a\";i:9;s:1:\"b\";s:14:\"delete_amenity\";s:1:\"c\";s:3:\"web\";s:1:\"r\";a:1:{i:0;i:1;}}i:9;a:4:{s:1:\"a\";i:10;s:1:\"b\";s:18:\"delete_any_amenity\";s:1:\"c\";s:3:\"web\";s:1:\"r\";a:1:{i:0;i:1;}}i:10;a:4:{s:1:\"a\";i:11;s:1:\"b\";s:20:\"force_delete_amenity\";s:1:\"c\";s:3:\"web\";s:1:\"r\";a:1:{i:0;i:1;}}i:11;a:4:{s:1:\"a\";i:12;s:1:\"b\";s:24:\"force_delete_any_amenity\";s:1:\"c\";s:3:\"web\";s:1:\"r\";a:1:{i:0;i:1;}}i:12;a:4:{s:1:\"a\";i:13;s:1:\"b\";s:13:\"view_barangay\";s:1:\"c\";s:3:\"web\";s:1:\"r\";a:1:{i:0;i:1;}}i:13;a:4:{s:1:\"a\";i:14;s:1:\"b\";s:17:\"view_any_barangay\";s:1:\"c\";s:3:\"web\";s:1:\"r\";a:1:{i:0;i:1;}}i:14;a:4:{s:1:\"a\";i:15;s:1:\"b\";s:15:\"create_barangay\";s:1:\"c\";s:3:\"web\";s:1:\"r\";a:1:{i:0;i:1;}}i:15;a:4:{s:1:\"a\";i:16;s:1:\"b\";s:15:\"update_barangay\";s:1:\"c\";s:3:\"web\";s:1:\"r\";a:1:{i:0;i:1;}}i:16;a:4:{s:1:\"a\";i:17;s:1:\"b\";s:16:\"restore_barangay\";s:1:\"c\";s:3:\"web\";s:1:\"r\";a:1:{i:0;i:1;}}i:17;a:4:{s:1:\"a\";i:18;s:1:\"b\";s:20:\"restore_any_barangay\";s:1:\"c\";s:3:\"web\";s:1:\"r\";a:1:{i:0;i:1;}}i:18;a:4:{s:1:\"a\";i:19;s:1:\"b\";s:18:\"replicate_barangay\";s:1:\"c\";s:3:\"web\";s:1:\"r\";a:1:{i:0;i:1;}}i:19;a:4:{s:1:\"a\";i:20;s:1:\"b\";s:16:\"reorder_barangay\";s:1:\"c\";s:3:\"web\";s:1:\"r\";a:1:{i:0;i:1;}}i:20;a:4:{s:1:\"a\";i:21;s:1:\"b\";s:15:\"delete_barangay\";s:1:\"c\";s:3:\"web\";s:1:\"r\";a:1:{i:0;i:1;}}i:21;a:4:{s:1:\"a\";i:22;s:1:\"b\";s:19:\"delete_any_barangay\";s:1:\"c\";s:3:\"web\";s:1:\"r\";a:1:{i:0;i:1;}}i:22;a:4:{s:1:\"a\";i:23;s:1:\"b\";s:21:\"force_delete_barangay\";s:1:\"c\";s:3:\"web\";s:1:\"r\";a:1:{i:0;i:1;}}i:23;a:4:{s:1:\"a\";i:24;s:1:\"b\";s:25:\"force_delete_any_barangay\";s:1:\"c\";s:3:\"web\";s:1:\"r\";a:1:{i:0;i:1;}}i:24;a:4:{s:1:\"a\";i:25;s:1:\"b\";s:9:\"view_city\";s:1:\"c\";s:3:\"web\";s:1:\"r\";a:1:{i:0;i:1;}}i:25;a:4:{s:1:\"a\";i:26;s:1:\"b\";s:13:\"view_any_city\";s:1:\"c\";s:3:\"web\";s:1:\"r\";a:1:{i:0;i:1;}}i:26;a:4:{s:1:\"a\";i:27;s:1:\"b\";s:11:\"create_city\";s:1:\"c\";s:3:\"web\";s:1:\"r\";a:1:{i:0;i:1;}}i:27;a:4:{s:1:\"a\";i:28;s:1:\"b\";s:11:\"update_city\";s:1:\"c\";s:3:\"web\";s:1:\"r\";a:1:{i:0;i:1;}}i:28;a:4:{s:1:\"a\";i:29;s:1:\"b\";s:12:\"restore_city\";s:1:\"c\";s:3:\"web\";s:1:\"r\";a:1:{i:0;i:1;}}i:29;a:4:{s:1:\"a\";i:30;s:1:\"b\";s:16:\"restore_any_city\";s:1:\"c\";s:3:\"web\";s:1:\"r\";a:1:{i:0;i:1;}}i:30;a:4:{s:1:\"a\";i:31;s:1:\"b\";s:14:\"replicate_city\";s:1:\"c\";s:3:\"web\";s:1:\"r\";a:1:{i:0;i:1;}}i:31;a:4:{s:1:\"a\";i:32;s:1:\"b\";s:12:\"reorder_city\";s:1:\"c\";s:3:\"web\";s:1:\"r\";a:1:{i:0;i:1;}}i:32;a:4:{s:1:\"a\";i:33;s:1:\"b\";s:11:\"delete_city\";s:1:\"c\";s:3:\"web\";s:1:\"r\";a:1:{i:0;i:1;}}i:33;a:4:{s:1:\"a\";i:34;s:1:\"b\";s:15:\"delete_any_city\";s:1:\"c\";s:3:\"web\";s:1:\"r\";a:1:{i:0;i:1;}}i:34;a:4:{s:1:\"a\";i:35;s:1:\"b\";s:17:\"force_delete_city\";s:1:\"c\";s:3:\"web\";s:1:\"r\";a:1:{i:0;i:1;}}i:35;a:4:{s:1:\"a\";i:36;s:1:\"b\";s:21:\"force_delete_any_city\";s:1:\"c\";s:3:\"web\";s:1:\"r\";a:1:{i:0;i:1;}}i:36;a:4:{s:1:\"a\";i:37;s:1:\"b\";s:13:\"view_donation\";s:1:\"c\";s:3:\"web\";s:1:\"r\";a:1:{i:0;i:1;}}i:37;a:4:{s:1:\"a\";i:38;s:1:\"b\";s:17:\"view_any_donation\";s:1:\"c\";s:3:\"web\";s:1:\"r\";a:1:{i:0;i:1;}}i:38;a:4:{s:1:\"a\";i:39;s:1:\"b\";s:15:\"create_donation\";s:1:\"c\";s:3:\"web\";s:1:\"r\";a:1:{i:0;i:1;}}i:39;a:4:{s:1:\"a\";i:40;s:1:\"b\";s:15:\"update_donation\";s:1:\"c\";s:3:\"web\";s:1:\"r\";a:1:{i:0;i:1;}}i:40;a:4:{s:1:\"a\";i:41;s:1:\"b\";s:16:\"restore_donation\";s:1:\"c\";s:3:\"web\";s:1:\"r\";a:1:{i:0;i:1;}}i:41;a:4:{s:1:\"a\";i:42;s:1:\"b\";s:20:\"restore_any_donation\";s:1:\"c\";s:3:\"web\";s:1:\"r\";a:1:{i:0;i:1;}}i:42;a:4:{s:1:\"a\";i:43;s:1:\"b\";s:18:\"replicate_donation\";s:1:\"c\";s:3:\"web\";s:1:\"r\";a:1:{i:0;i:1;}}i:43;a:4:{s:1:\"a\";i:44;s:1:\"b\";s:16:\"reorder_donation\";s:1:\"c\";s:3:\"web\";s:1:\"r\";a:1:{i:0;i:1;}}i:44;a:4:{s:1:\"a\";i:45;s:1:\"b\";s:15:\"delete_donation\";s:1:\"c\";s:3:\"web\";s:1:\"r\";a:1:{i:0;i:1;}}i:45;a:4:{s:1:\"a\";i:46;s:1:\"b\";s:19:\"delete_any_donation\";s:1:\"c\";s:3:\"web\";s:1:\"r\";a:1:{i:0;i:1;}}i:46;a:4:{s:1:\"a\";i:47;s:1:\"b\";s:21:\"force_delete_donation\";s:1:\"c\";s:3:\"web\";s:1:\"r\";a:1:{i:0;i:1;}}i:47;a:4:{s:1:\"a\";i:48;s:1:\"b\";s:25:\"force_delete_any_donation\";s:1:\"c\";s:3:\"web\";s:1:\"r\";a:1:{i:0;i:1;}}i:48;a:4:{s:1:\"a\";i:49;s:1:\"b\";s:17:\"view_evac::center\";s:1:\"c\";s:3:\"web\";s:1:\"r\";a:1:{i:0;i:1;}}i:49;a:4:{s:1:\"a\";i:50;s:1:\"b\";s:21:\"view_any_evac::center\";s:1:\"c\";s:3:\"web\";s:1:\"r\";a:1:{i:0;i:1;}}i:50;a:4:{s:1:\"a\";i:51;s:1:\"b\";s:19:\"create_evac::center\";s:1:\"c\";s:3:\"web\";s:1:\"r\";a:1:{i:0;i:1;}}i:51;a:4:{s:1:\"a\";i:52;s:1:\"b\";s:19:\"update_evac::center\";s:1:\"c\";s:3:\"web\";s:1:\"r\";a:1:{i:0;i:1;}}i:52;a:4:{s:1:\"a\";i:53;s:1:\"b\";s:20:\"restore_evac::center\";s:1:\"c\";s:3:\"web\";s:1:\"r\";a:1:{i:0;i:1;}}i:53;a:4:{s:1:\"a\";i:54;s:1:\"b\";s:24:\"restore_any_evac::center\";s:1:\"c\";s:3:\"web\";s:1:\"r\";a:1:{i:0;i:1;}}i:54;a:4:{s:1:\"a\";i:55;s:1:\"b\";s:22:\"replicate_evac::center\";s:1:\"c\";s:3:\"web\";s:1:\"r\";a:1:{i:0;i:1;}}i:55;a:4:{s:1:\"a\";i:56;s:1:\"b\";s:20:\"reorder_evac::center\";s:1:\"c\";s:3:\"web\";s:1:\"r\";a:1:{i:0;i:1;}}i:56;a:4:{s:1:\"a\";i:57;s:1:\"b\";s:19:\"delete_evac::center\";s:1:\"c\";s:3:\"web\";s:1:\"r\";a:1:{i:0;i:1;}}i:57;a:4:{s:1:\"a\";i:58;s:1:\"b\";s:23:\"delete_any_evac::center\";s:1:\"c\";s:3:\"web\";s:1:\"r\";a:1:{i:0;i:1;}}i:58;a:4:{s:1:\"a\";i:59;s:1:\"b\";s:25:\"force_delete_evac::center\";s:1:\"c\";s:3:\"web\";s:1:\"r\";a:1:{i:0;i:1;}}i:59;a:4:{s:1:\"a\";i:60;s:1:\"b\";s:29:\"force_delete_any_evac::center\";s:1:\"c\";s:3:\"web\";s:1:\"r\";a:1:{i:0;i:1;}}i:60;a:4:{s:1:\"a\";i:61;s:1:\"b\";s:12:\"view_evacuee\";s:1:\"c\";s:3:\"web\";s:1:\"r\";a:1:{i:0;i:1;}}i:61;a:4:{s:1:\"a\";i:62;s:1:\"b\";s:16:\"view_any_evacuee\";s:1:\"c\";s:3:\"web\";s:1:\"r\";a:1:{i:0;i:1;}}i:62;a:4:{s:1:\"a\";i:63;s:1:\"b\";s:14:\"create_evacuee\";s:1:\"c\";s:3:\"web\";s:1:\"r\";a:1:{i:0;i:1;}}i:63;a:4:{s:1:\"a\";i:64;s:1:\"b\";s:14:\"update_evacuee\";s:1:\"c\";s:3:\"web\";s:1:\"r\";a:1:{i:0;i:1;}}i:64;a:4:{s:1:\"a\";i:65;s:1:\"b\";s:15:\"restore_evacuee\";s:1:\"c\";s:3:\"web\";s:1:\"r\";a:1:{i:0;i:1;}}i:65;a:4:{s:1:\"a\";i:66;s:1:\"b\";s:19:\"restore_any_evacuee\";s:1:\"c\";s:3:\"web\";s:1:\"r\";a:1:{i:0;i:1;}}i:66;a:4:{s:1:\"a\";i:67;s:1:\"b\";s:17:\"replicate_evacuee\";s:1:\"c\";s:3:\"web\";s:1:\"r\";a:1:{i:0;i:1;}}i:67;a:4:{s:1:\"a\";i:68;s:1:\"b\";s:15:\"reorder_evacuee\";s:1:\"c\";s:3:\"web\";s:1:\"r\";a:1:{i:0;i:1;}}i:68;a:4:{s:1:\"a\";i:69;s:1:\"b\";s:14:\"delete_evacuee\";s:1:\"c\";s:3:\"web\";s:1:\"r\";a:1:{i:0;i:1;}}i:69;a:4:{s:1:\"a\";i:70;s:1:\"b\";s:18:\"delete_any_evacuee\";s:1:\"c\";s:3:\"web\";s:1:\"r\";a:1:{i:0;i:1;}}i:70;a:4:{s:1:\"a\";i:71;s:1:\"b\";s:20:\"force_delete_evacuee\";s:1:\"c\";s:3:\"web\";s:1:\"r\";a:1:{i:0;i:1;}}i:71;a:4:{s:1:\"a\";i:72;s:1:\"b\";s:24:\"force_delete_any_evacuee\";s:1:\"c\";s:3:\"web\";s:1:\"r\";a:1:{i:0;i:1;}}i:72;a:4:{s:1:\"a\";i:73;s:1:\"b\";s:28:\"view_evacuee::family::member\";s:1:\"c\";s:3:\"web\";s:1:\"r\";a:1:{i:0;i:1;}}i:73;a:4:{s:1:\"a\";i:74;s:1:\"b\";s:32:\"view_any_evacuee::family::member\";s:1:\"c\";s:3:\"web\";s:1:\"r\";a:1:{i:0;i:1;}}i:74;a:4:{s:1:\"a\";i:75;s:1:\"b\";s:30:\"create_evacuee::family::member\";s:1:\"c\";s:3:\"web\";s:1:\"r\";a:1:{i:0;i:1;}}i:75;a:4:{s:1:\"a\";i:76;s:1:\"b\";s:30:\"update_evacuee::family::member\";s:1:\"c\";s:3:\"web\";s:1:\"r\";a:1:{i:0;i:1;}}i:76;a:4:{s:1:\"a\";i:77;s:1:\"b\";s:31:\"restore_evacuee::family::member\";s:1:\"c\";s:3:\"web\";s:1:\"r\";a:1:{i:0;i:1;}}i:77;a:4:{s:1:\"a\";i:78;s:1:\"b\";s:35:\"restore_any_evacuee::family::member\";s:1:\"c\";s:3:\"web\";s:1:\"r\";a:1:{i:0;i:1;}}i:78;a:4:{s:1:\"a\";i:79;s:1:\"b\";s:33:\"replicate_evacuee::family::member\";s:1:\"c\";s:3:\"web\";s:1:\"r\";a:1:{i:0;i:1;}}i:79;a:4:{s:1:\"a\";i:80;s:1:\"b\";s:31:\"reorder_evacuee::family::member\";s:1:\"c\";s:3:\"web\";s:1:\"r\";a:1:{i:0;i:1;}}i:80;a:4:{s:1:\"a\";i:81;s:1:\"b\";s:30:\"delete_evacuee::family::member\";s:1:\"c\";s:3:\"web\";s:1:\"r\";a:1:{i:0;i:1;}}i:81;a:4:{s:1:\"a\";i:82;s:1:\"b\";s:34:\"delete_any_evacuee::family::member\";s:1:\"c\";s:3:\"web\";s:1:\"r\";a:1:{i:0;i:1;}}i:82;a:4:{s:1:\"a\";i:83;s:1:\"b\";s:36:\"force_delete_evacuee::family::member\";s:1:\"c\";s:3:\"web\";s:1:\"r\";a:1:{i:0;i:1;}}i:83;a:4:{s:1:\"a\";i:84;s:1:\"b\";s:40:\"force_delete_any_evacuee::family::member\";s:1:\"c\";s:3:\"web\";s:1:\"r\";a:1:{i:0;i:1;}}i:84;a:4:{s:1:\"a\";i:85;s:1:\"b\";s:9:\"view_need\";s:1:\"c\";s:3:\"web\";s:1:\"r\";a:1:{i:0;i:1;}}i:85;a:4:{s:1:\"a\";i:86;s:1:\"b\";s:13:\"view_any_need\";s:1:\"c\";s:3:\"web\";s:1:\"r\";a:1:{i:0;i:1;}}i:86;a:4:{s:1:\"a\";i:87;s:1:\"b\";s:11:\"create_need\";s:1:\"c\";s:3:\"web\";s:1:\"r\";a:1:{i:0;i:1;}}i:87;a:4:{s:1:\"a\";i:88;s:1:\"b\";s:11:\"update_need\";s:1:\"c\";s:3:\"web\";s:1:\"r\";a:1:{i:0;i:1;}}i:88;a:4:{s:1:\"a\";i:89;s:1:\"b\";s:12:\"restore_need\";s:1:\"c\";s:3:\"web\";s:1:\"r\";a:1:{i:0;i:1;}}i:89;a:4:{s:1:\"a\";i:90;s:1:\"b\";s:16:\"restore_any_need\";s:1:\"c\";s:3:\"web\";s:1:\"r\";a:1:{i:0;i:1;}}i:90;a:4:{s:1:\"a\";i:91;s:1:\"b\";s:14:\"replicate_need\";s:1:\"c\";s:3:\"web\";s:1:\"r\";a:1:{i:0;i:1;}}i:91;a:4:{s:1:\"a\";i:92;s:1:\"b\";s:12:\"reorder_need\";s:1:\"c\";s:3:\"web\";s:1:\"r\";a:1:{i:0;i:1;}}i:92;a:4:{s:1:\"a\";i:93;s:1:\"b\";s:11:\"delete_need\";s:1:\"c\";s:3:\"web\";s:1:\"r\";a:1:{i:0;i:1;}}i:93;a:4:{s:1:\"a\";i:94;s:1:\"b\";s:15:\"delete_any_need\";s:1:\"c\";s:3:\"web\";s:1:\"r\";a:1:{i:0;i:1;}}i:94;a:4:{s:1:\"a\";i:95;s:1:\"b\";s:17:\"force_delete_need\";s:1:\"c\";s:3:\"web\";s:1:\"r\";a:1:{i:0;i:1;}}i:95;a:4:{s:1:\"a\";i:96;s:1:\"b\";s:21:\"force_delete_any_need\";s:1:\"c\";s:3:\"web\";s:1:\"r\";a:1:{i:0;i:1;}}i:96;a:4:{s:1:\"a\";i:97;s:1:\"b\";s:9:\"view_role\";s:1:\"c\";s:3:\"web\";s:1:\"r\";a:1:{i:0;i:1;}}i:97;a:4:{s:1:\"a\";i:98;s:1:\"b\";s:13:\"view_any_role\";s:1:\"c\";s:3:\"web\";s:1:\"r\";a:1:{i:0;i:1;}}i:98;a:4:{s:1:\"a\";i:99;s:1:\"b\";s:11:\"create_role\";s:1:\"c\";s:3:\"web\";s:1:\"r\";a:1:{i:0;i:1;}}i:99;a:4:{s:1:\"a\";i:100;s:1:\"b\";s:11:\"update_role\";s:1:\"c\";s:3:\"web\";s:1:\"r\";a:1:{i:0;i:1;}}i:100;a:4:{s:1:\"a\";i:101;s:1:\"b\";s:11:\"delete_role\";s:1:\"c\";s:3:\"web\";s:1:\"r\";a:1:{i:0;i:1;}}i:101;a:4:{s:1:\"a\";i:102;s:1:\"b\";s:15:\"delete_any_role\";s:1:\"c\";s:3:\"web\";s:1:\"r\";a:1:{i:0;i:1;}}}s:5:\"roles\";a:1:{i:0;a:3:{s:1:\"a\";i:1;s:1:\"b\";s:11:\"super_admin\";s:1:\"c\";s:3:\"web\";}}}', 1730802358);

-- --------------------------------------------------------

--
-- Table structure for table `cache_locks`
--

CREATE TABLE `cache_locks` (
  `key` varchar(255) NOT NULL,
  `owner` varchar(255) NOT NULL,
  `expiration` int(11) NOT NULL
) ENGINE=InnoDB DEFAULT CHARSET=utf8mb4 COLLATE=utf8mb4_unicode_ci;

-- --------------------------------------------------------

--
-- Table structure for table `cities`
--

CREATE TABLE `cities` (
  `id` bigint(20) UNSIGNED NOT NULL,
  `name` varchar(255) NOT NULL,
  `type` enum('City','Mun') NOT NULL,
  `created_at` timestamp NULL DEFAULT NULL,
  `updated_at` timestamp NULL DEFAULT NULL
) ENGINE=InnoDB DEFAULT CHARSET=utf8mb4 COLLATE=utf8mb4_unicode_ci;

--
-- Dumping data for table `cities`
--

INSERT INTO `cities` (`id`, `name`, `type`, `created_at`, `updated_at`) VALUES
(1, 'Agoncillo', 'Mun', '2024-11-04 03:32:54', '2024-11-04 03:32:54'),
(2, 'Alitagtag', 'Mun', '2024-11-04 03:32:54', '2024-11-04 03:32:54'),
(3, 'Balayan', 'Mun', '2024-11-04 03:32:54', '2024-11-04 03:32:54'),
(4, 'Balete', 'Mun', '2024-11-04 03:32:54', '2024-11-04 03:32:54'),
(5, 'Batangas City', 'City', '2024-11-04 03:32:54', '2024-11-04 03:32:54'),
(6, 'Bauan', 'Mun', '2024-11-04 03:32:54', '2024-11-04 03:32:54'),
(7, 'City of Calaca', 'City', '2024-11-04 03:32:54', '2024-11-04 03:32:54'),
(8, 'Calatagan', 'Mun', '2024-11-04 03:32:54', '2024-11-04 03:32:54'),
(9, 'Cuenca', 'Mun', '2024-11-04 03:32:54', '2024-11-04 03:32:54'),
(10, 'Ibaan', 'Mun', '2024-11-04 03:32:54', '2024-11-04 03:32:54'),
(11, 'Laurel', 'Mun', '2024-11-04 03:32:54', '2024-11-04 03:32:54'),
(12, 'Lemery', 'Mun', '2024-11-04 03:32:54', '2024-11-04 03:32:54'),
(13, 'Lian', 'Mun', '2024-11-04 03:32:54', '2024-11-04 03:32:54'),
(14, 'City of Lipa', 'City', '2024-11-04 03:32:54', '2024-11-04 03:32:54'),
(15, 'Lobo', 'Mun', '2024-11-04 03:32:54', '2024-11-04 03:32:54'),
(16, 'Mabini', 'Mun', '2024-11-04 03:32:54', '2024-11-04 03:32:54'),
(17, 'Malvar', 'Mun', '2024-11-04 03:32:54', '2024-11-04 03:32:54'),
(18, 'Mataasnakahoy', 'Mun', '2024-11-04 03:32:54', '2024-11-04 03:32:54'),
(19, 'Nasugbu', 'Mun', '2024-11-04 03:32:54', '2024-11-04 03:32:54'),
(20, 'Padre Garcia', 'Mun', '2024-11-04 03:32:54', '2024-11-04 03:32:54'),
(21, 'Rosario', 'Mun', '2024-11-04 03:32:54', '2024-11-04 03:32:54'),
(22, 'San Jose', 'Mun', '2024-11-04 03:32:54', '2024-11-04 03:32:54'),
(23, 'San Juan', 'Mun', '2024-11-04 03:32:54', '2024-11-04 03:32:54'),
(24, 'San Luis', 'Mun', '2024-11-04 03:32:54', '2024-11-04 03:32:54'),
(25, 'San Nicolas', 'Mun', '2024-11-04 03:32:54', '2024-11-04 03:32:54'),
(26, 'San Pascual', 'Mun', '2024-11-04 03:32:54', '2024-11-04 03:32:54'),
(27, 'Santa Teresita', 'Mun', '2024-11-04 03:32:54', '2024-11-04 03:32:54'),
(28, 'City of Sto. Tomas', 'City', '2024-11-04 03:32:54', '2024-11-04 03:32:54'),
(29, 'Taal', 'Mun', '2024-11-04 03:32:54', '2024-11-04 03:32:54'),
(30, 'Talisay', 'Mun', '2024-11-04 03:32:54', '2024-11-04 03:32:54'),
(31, 'City of Tanauan', 'City', '2024-11-04 03:32:54', '2024-11-04 03:32:54'),
(32, 'Taysan', 'Mun', '2024-11-04 03:32:54', '2024-11-04 03:32:54'),
(33, 'Tingloy', 'Mun', '2024-11-04 03:32:54', '2024-11-04 03:32:54'),
(34, 'Tuy', 'Mun', '2024-11-04 03:32:54', '2024-11-04 03:32:54');

-- --------------------------------------------------------

--
-- Table structure for table `donations`
--

CREATE TABLE `donations` (
  `id` bigint(20) UNSIGNED NOT NULL,
  `evac_center_id` bigint(20) UNSIGNED NOT NULL,
  `donation_type` varchar(255) NOT NULL,
  `quantity` int(11) NOT NULL,
  `donator` varchar(255) NOT NULL,
  `beneficiary` varchar(255) NOT NULL,
  `created_at` timestamp NULL DEFAULT NULL,
  `updated_at` timestamp NULL DEFAULT NULL
) ENGINE=InnoDB DEFAULT CHARSET=utf8mb4 COLLATE=utf8mb4_unicode_ci;

-- --------------------------------------------------------

--
-- Table structure for table `evacuees`
--

CREATE TABLE `evacuees` (
  `id` bigint(20) UNSIGNED NOT NULL,
  `family_id` bigint(20) UNSIGNED NOT NULL,
  `last_name` varchar(255) NOT NULL,
  `first_name` varchar(255) NOT NULL,
  `middle_name` varchar(255) DEFAULT NULL,
  `gender` varchar(255) DEFAULT NULL,
  `birth_date` date DEFAULT NULL,
  `age` int(11) DEFAULT NULL,
  `religion` varchar(255) DEFAULT NULL,
  `nationality` varchar(255) DEFAULT NULL,
  `address` varchar(255) DEFAULT NULL,
  `contact_number` varchar(255) DEFAULT NULL,
  `email` varchar(255) DEFAULT NULL,
  `created_at` timestamp NULL DEFAULT NULL,
  `updated_at` timestamp NULL DEFAULT NULL
) ENGINE=InnoDB DEFAULT CHARSET=utf8mb4 COLLATE=utf8mb4_unicode_ci;

--
-- Dumping data for table `evacuees`
--

INSERT INTO `evacuees` (`id`, `family_id`, `last_name`, `first_name`, `middle_name`, `gender`, `birth_date`, `age`, `religion`, `nationality`, `address`, `contact_number`, `email`, `created_at`, `updated_at`) VALUES
(1, 1, 'Dela Cruz', 'Roberto', 'Santos', 'Male', '1980-05-15', 43, 'Catholic', 'Filipino', 'Purok 1, Barangay 1', '09171112222', 'roberto.delacruz@email.com', NULL, NULL),
(2, 1, 'Dela Cruz', 'Maria', 'Reyes', 'Female', '1982-08-20', 41, 'Catholic', 'Filipino', 'Purok 1, Barangay 1', NULL, NULL, NULL, NULL),
(3, 1, 'Dela Cruz', 'Juan Jr.', 'Santos', 'Male', '2010-03-10', 13, 'Catholic', 'Filipino', 'Purok 1, Barangay 1', NULL, NULL, NULL, NULL),
(4, 2, 'Reyes', 'Miguel', 'Aquino', 'Male', '1975-11-25', 48, 'Catholic', 'Filipino', 'Purok 2, Barangay 1', '09189994444', NULL, NULL, NULL),
(5, 2, 'Reyes', 'Sofia', 'Garcia', 'Female', '1978-04-12', 45, 'Catholic', 'Filipino', 'Purok 2, Barangay 1', NULL, NULL, NULL, NULL),
(6, 2, 'Reyes', 'Ana', 'Aquino', 'Female', '2008-07-18', 15, 'Catholic', 'Filipino', 'Purok 2, Barangay 1', NULL, NULL, NULL, NULL),
(7, 3, 'Santos', 'Eduardo', 'Mercado', 'Male', '1990-02-28', 33, 'Catholic', 'Filipino', 'Poblacion', '09223334444', 'eduardo.santos@email.com', NULL, NULL),
(8, 3, 'Santos', 'Patricia', 'Luna', 'Female', '1992-09-15', 31, 'Catholic', 'Filipino', 'Poblacion', NULL, NULL, NULL, NULL),
(9, 3, 'Santos', 'Gabriel', 'Mercado', 'Male', '2015-12-05', 8, 'Catholic', 'Filipino', 'Poblacion', NULL, NULL, NULL, NULL),
(10, 4, 'Garcia', 'Ricardo', 'Torres', 'Male', '1968-07-30', 55, 'Catholic', 'Filipino', 'San Roque Street', '09167778888', NULL, NULL, NULL),
(11, 4, 'Garcia', 'Carmen', 'Bautista', 'Female', '1970-03-25', 53, 'Catholic', 'Filipino', 'San Roque Street', NULL, NULL, NULL, NULL),
(12, 5, 'Mendoza', 'Antonio', 'Villanueva', 'Male', '1985-10-08', 38, 'Catholic', 'Filipino', 'Sto. Niño Street', '09195556677', 'antonio.mendoza@email.com', NULL, NULL),
(13, 5, 'Mendoza', 'Isabella', 'Cruz', 'Female', '1987-06-14', 36, 'Catholic', 'Filipino', 'Sto. Niño Street', NULL, NULL, NULL, NULL),
(14, 5, 'Mendoza', 'Lucas', 'Villanueva', 'Male', '2012-04-22', 11, 'Catholic', 'Filipino', 'Sto. Niño Street', NULL, NULL, NULL, NULL),
(15, 5, 'Mendoza', 'Sofia', 'Villanueva', 'Female', '2014-08-30', 9, 'Catholic', 'Filipino', 'Sto. Niño Street', NULL, NULL, NULL, NULL),
(16, 1, 'Abutal', 'Clark Wayne', 'Aguila', 'Male', '2002-01-24', 22, 'Christian', 'Filipino', 'Block 7 Lot 15 Tamarind Village', '09177212114', 'clark.wayne023@gmail.com', '2024-11-04 04:19:40', '2024-11-04 04:19:40');

-- --------------------------------------------------------

--
-- Table structure for table `evac_amenities`
--

CREATE TABLE `evac_amenities` (
  `id` bigint(20) UNSIGNED NOT NULL,
  `evac_center_id` bigint(20) UNSIGNED NOT NULL,
  `amenity_id` bigint(20) UNSIGNED NOT NULL,
  `quantity` int(11) NOT NULL DEFAULT 0,
  `description` longtext DEFAULT NULL,
  `created_at` timestamp NULL DEFAULT NULL,
  `updated_at` timestamp NULL DEFAULT NULL
) ENGINE=InnoDB DEFAULT CHARSET=utf8mb4 COLLATE=utf8mb4_unicode_ci;

--
-- Dumping data for table `evac_amenities`
--

INSERT INTO `evac_amenities` (`id`, `evac_center_id`, `amenity_id`, `quantity`, `description`, `created_at`, `updated_at`) VALUES
(1, 1, 1, 2, 'Two kitchen areas with stoves', NULL, NULL),
(2, 1, 2, 4, 'Four comfort rooms (2 male, 2 female)', NULL, NULL),
(3, 1, 3, 1, 'One medical station', NULL, NULL),
(4, 1, 4, 8, 'Eight classroom sleeping areas', NULL, NULL),
(5, 1, 5, 3, 'Three water access points', NULL, NULL),
(6, 2, 1, 1, 'One large kitchen area', NULL, NULL),
(7, 2, 2, 6, 'Six comfort rooms (3 male, 3 female)', NULL, NULL),
(8, 2, 3, 1, 'Medical station with supplies', NULL, NULL),
(9, 2, 4, 6, 'Six designated sleeping areas', NULL, NULL),
(10, 2, 5, 4, 'Four water stations', NULL, NULL);

-- --------------------------------------------------------

--
-- Table structure for table `evac_centers`
--

CREATE TABLE `evac_centers` (
  `id` bigint(20) UNSIGNED NOT NULL,
  `barangay_id` bigint(20) UNSIGNED NOT NULL,
  `name` varchar(255) NOT NULL,
  `address` varchar(255) NOT NULL,
  `longitude` decimal(10,7) NOT NULL,
  `latitude` decimal(10,7) NOT NULL,
  `capacity` int(11) NOT NULL,
  `contact_person` varchar(255) NOT NULL,
  `contact_number` varchar(255) NOT NULL,
  `description` longtext DEFAULT NULL,
  `created_at` timestamp NULL DEFAULT NULL,
  `updated_at` timestamp NULL DEFAULT NULL
) ENGINE=InnoDB DEFAULT CHARSET=utf8mb4 COLLATE=utf8mb4_unicode_ci;

--
-- Dumping data for table `evac_centers`
--

INSERT INTO `evac_centers` (`id`, `barangay_id`, `name`, `address`, `longitude`, `latitude`, `capacity`, `contact_person`, `contact_number`, `description`, `created_at`, `updated_at`) VALUES
(1, 1, 'Barangay 1 Elementary School', 'Purok 1, Barangay 1', 120.9836000, 14.5995000, 200, 'Maria Santos', '09171234567', 'School building with 8 classrooms', NULL, NULL),
(2, 15, 'Don Juan Sports Complex', 'National Highway, Poblacion', 120.9942000, 14.6021000, 350, 'Juan Dela Cruz', '09189876543', 'Covered court with basic facilities', NULL, NULL),
(3, 45, 'San Roque Multi-Purpose Hall', 'San Roque Street', 120.9756000, 14.5889000, 150, 'Pedro Reyes', '09234567890', 'Community hall with kitchen facilities', NULL, NULL),
(4, 89, 'Sto. Niño Parish Center', 'Church Compound, Sto. Niño', 120.9867000, 14.5976000, 180, 'Ana Magtanggol', '09281234567', 'Church facility with basic amenities', NULL, NULL),
(5, 156, 'Bagong Silang Covered Court', 'Purok 3, Bagong Silang', 120.9789000, 14.5934000, 250, 'Manuel Bonifacio', '09187654321', 'Large covered court with comfort rooms', NULL, NULL),
(6, 267, 'Lakas Komunity Center', 'Sitio Lakas', 120.9912000, 14.6042000, 120, 'Rosa Malaya', '09261234567', 'Community center with medical facility', NULL, NULL),
(7, 389, 'Matatag High School', 'Matatag Road', 120.9845000, 14.5967000, 300, 'Jose Aguilar', '09195556677', 'School gymnasium with cooking area', NULL, NULL),
(8, 567, 'Bagumbayan Plaza Center', 'Plaza Complex, Bagumbayan', 120.9878000, 14.5988000, 200, 'Clara Dimayuga', '09223334444', 'Plaza hall with shower facilities', NULL, NULL),
(9, 789, 'Masigasig Integrated School', 'Masigasig Street', 120.9923000, 14.6001000, 250, 'Roberto Magsaysay', '09167778888', 'School complex with medical bay', NULL, NULL),
(10, 890, 'Pagkakaisa Multi-Purpose Center', 'Unity Road', 120.9834000, 14.5944000, 180, 'Elena Mabuhay', '09289990000', 'Community center with storage facilities', NULL, NULL);

-- --------------------------------------------------------

--
-- Table structure for table `evac_center_user`
--

CREATE TABLE `evac_center_user` (
  `id` bigint(20) UNSIGNED NOT NULL,
  `user_id` bigint(20) UNSIGNED NOT NULL,
  `evac_center_id` bigint(20) UNSIGNED NOT NULL,
  `created_at` timestamp NULL DEFAULT NULL,
  `updated_at` timestamp NULL DEFAULT NULL
) ENGINE=InnoDB DEFAULT CHARSET=utf8mb4 COLLATE=utf8mb4_unicode_ci;

-- --------------------------------------------------------

--
-- Table structure for table `failed_jobs`
--

CREATE TABLE `failed_jobs` (
  `id` bigint(20) UNSIGNED NOT NULL,
  `uuid` varchar(255) NOT NULL,
  `connection` text NOT NULL,
  `queue` text NOT NULL,
  `payload` longtext NOT NULL,
  `exception` longtext NOT NULL,
  `failed_at` timestamp NOT NULL DEFAULT current_timestamp()
) ENGINE=InnoDB DEFAULT CHARSET=utf8mb4 COLLATE=utf8mb4_unicode_ci;

-- --------------------------------------------------------

--
-- Table structure for table `families`
--

CREATE TABLE `families` (
  `id` bigint(20) UNSIGNED NOT NULL,
  `evac_center_id` bigint(20) UNSIGNED NOT NULL,
  `created_at` timestamp NULL DEFAULT NULL,
  `updated_at` timestamp NULL DEFAULT NULL
) ENGINE=InnoDB DEFAULT CHARSET=utf8mb4 COLLATE=utf8mb4_unicode_ci;

--
-- Dumping data for table `families`
--

INSERT INTO `families` (`id`, `evac_center_id`, `created_at`, `updated_at`) VALUES
(1, 1, NULL, NULL),
(2, 1, NULL, NULL),
(3, 2, NULL, NULL),
(4, 2, NULL, NULL),
(5, 3, NULL, NULL);

-- --------------------------------------------------------

--
-- Table structure for table `jobs`
--

CREATE TABLE `jobs` (
  `id` bigint(20) UNSIGNED NOT NULL,
  `queue` varchar(255) NOT NULL,
  `payload` longtext NOT NULL,
  `attempts` tinyint(3) UNSIGNED NOT NULL,
  `reserved_at` int(10) UNSIGNED DEFAULT NULL,
  `available_at` int(10) UNSIGNED NOT NULL,
  `created_at` int(10) UNSIGNED NOT NULL
) ENGINE=InnoDB DEFAULT CHARSET=utf8mb4 COLLATE=utf8mb4_unicode_ci;

-- --------------------------------------------------------

--
-- Table structure for table `job_batches`
--

CREATE TABLE `job_batches` (
  `id` varchar(255) NOT NULL,
  `name` varchar(255) NOT NULL,
  `total_jobs` int(11) NOT NULL,
  `pending_jobs` int(11) NOT NULL,
  `failed_jobs` int(11) NOT NULL,
  `failed_job_ids` longtext NOT NULL,
  `options` mediumtext DEFAULT NULL,
  `cancelled_at` int(11) DEFAULT NULL,
  `created_at` int(11) NOT NULL,
  `finished_at` int(11) DEFAULT NULL
) ENGINE=InnoDB DEFAULT CHARSET=utf8mb4 COLLATE=utf8mb4_unicode_ci;

-- --------------------------------------------------------

--
-- Table structure for table `migrations`
--

CREATE TABLE `migrations` (
  `id` int(10) UNSIGNED NOT NULL,
  `migration` varchar(255) NOT NULL,
  `batch` int(11) NOT NULL
) ENGINE=InnoDB DEFAULT CHARSET=utf8mb4 COLLATE=utf8mb4_unicode_ci;

--
-- Dumping data for table `migrations`
--

INSERT INTO `migrations` (`id`, `migration`, `batch`) VALUES
(27, '0001_01_01_000000_create_users_table', 1),
(28, '0001_01_01_000001_create_cache_table', 1),
(29, '0001_01_01_000002_create_jobs_table', 1),
(42, '2024_10_28_102258_create_permission_tables', 2),
(64, '2024_10_29_064437_create_cities_table', 3),
(65, '2024_10_29_064438_create_barangays_table', 3),
(66, '2024_10_29_064547_create_amenities_table', 3),
(67, '2024_10_29_064621_create_evac_centers_table', 3),
(68, '2024_10_29_064622_create_evac_amenities_table', 3),
(69, '2024_10_29_064631_create_families_table', 3),
(70, '2024_10_29_064632_create_evacuees_table', 3),
(71, '2024_10_29_064653_create_needs_table', 3),
(72, '2024_10_29_235655_create_evac_center_user_table', 3),
(73, '2024_10_29_235801_create_donations_table', 3);

-- --------------------------------------------------------

--
-- Table structure for table `model_has_permissions`
--

CREATE TABLE `model_has_permissions` (
  `permission_id` bigint(20) UNSIGNED NOT NULL,
  `model_type` varchar(255) NOT NULL,
  `model_id` bigint(20) UNSIGNED NOT NULL
) ENGINE=InnoDB DEFAULT CHARSET=utf8mb4 COLLATE=utf8mb4_unicode_ci;

-- --------------------------------------------------------

--
-- Table structure for table `model_has_roles`
--

CREATE TABLE `model_has_roles` (
  `role_id` bigint(20) UNSIGNED NOT NULL,
  `model_type` varchar(255) NOT NULL,
  `model_id` bigint(20) UNSIGNED NOT NULL
) ENGINE=InnoDB DEFAULT CHARSET=utf8mb4 COLLATE=utf8mb4_unicode_ci;

--
-- Dumping data for table `model_has_roles`
--

INSERT INTO `model_has_roles` (`role_id`, `model_type`, `model_id`) VALUES
(1, 'App\\Models\\User', 1);

-- --------------------------------------------------------

--
-- Table structure for table `needs`
--

CREATE TABLE `needs` (
  `id` bigint(20) UNSIGNED NOT NULL,
  `evac_center_id` bigint(20) UNSIGNED NOT NULL,
  `description` varchar(255) NOT NULL,
  `urgency` int(11) NOT NULL DEFAULT 0,
  `created_at` timestamp NULL DEFAULT NULL,
  `updated_at` timestamp NULL DEFAULT NULL
) ENGINE=InnoDB DEFAULT CHARSET=utf8mb4 COLLATE=utf8mb4_unicode_ci;

-- --------------------------------------------------------

--
-- Table structure for table `password_reset_tokens`
--

CREATE TABLE `password_reset_tokens` (
  `email` varchar(255) NOT NULL,
  `token` varchar(255) NOT NULL,
  `created_at` timestamp NULL DEFAULT NULL
) ENGINE=InnoDB DEFAULT CHARSET=utf8mb4 COLLATE=utf8mb4_unicode_ci;

-- --------------------------------------------------------

--
-- Table structure for table `permissions`
--

CREATE TABLE `permissions` (
  `id` bigint(20) UNSIGNED NOT NULL,
  `name` varchar(255) NOT NULL,
  `guard_name` varchar(255) NOT NULL,
  `created_at` timestamp NULL DEFAULT NULL,
  `updated_at` timestamp NULL DEFAULT NULL
) ENGINE=InnoDB DEFAULT CHARSET=utf8mb4 COLLATE=utf8mb4_unicode_ci;

--
-- Dumping data for table `permissions`
--

INSERT INTO `permissions` (`id`, `name`, `guard_name`, `created_at`, `updated_at`) VALUES
(1, 'view_amenity', 'web', '2024-11-04 02:25:29', '2024-11-04 02:25:29'),
(2, 'view_any_amenity', 'web', '2024-11-04 02:25:29', '2024-11-04 02:25:29'),
(3, 'create_amenity', 'web', '2024-11-04 02:25:29', '2024-11-04 02:25:29'),
(4, 'update_amenity', 'web', '2024-11-04 02:25:29', '2024-11-04 02:25:29'),
(5, 'restore_amenity', 'web', '2024-11-04 02:25:29', '2024-11-04 02:25:29'),
(6, 'restore_any_amenity', 'web', '2024-11-04 02:25:29', '2024-11-04 02:25:29'),
(7, 'replicate_amenity', 'web', '2024-11-04 02:25:29', '2024-11-04 02:25:29'),
(8, 'reorder_amenity', 'web', '2024-11-04 02:25:29', '2024-11-04 02:25:29'),
(9, 'delete_amenity', 'web', '2024-11-04 02:25:29', '2024-11-04 02:25:29'),
(10, 'delete_any_amenity', 'web', '2024-11-04 02:25:29', '2024-11-04 02:25:29'),
(11, 'force_delete_amenity', 'web', '2024-11-04 02:25:29', '2024-11-04 02:25:29'),
(12, 'force_delete_any_amenity', 'web', '2024-11-04 02:25:29', '2024-11-04 02:25:29'),
(13, 'view_barangay', 'web', '2024-11-04 02:25:29', '2024-11-04 02:25:29'),
(14, 'view_any_barangay', 'web', '2024-11-04 02:25:29', '2024-11-04 02:25:29'),
(15, 'create_barangay', 'web', '2024-11-04 02:25:29', '2024-11-04 02:25:29'),
(16, 'update_barangay', 'web', '2024-11-04 02:25:29', '2024-11-04 02:25:29'),
(17, 'restore_barangay', 'web', '2024-11-04 02:25:29', '2024-11-04 02:25:29'),
(18, 'restore_any_barangay', 'web', '2024-11-04 02:25:29', '2024-11-04 02:25:29'),
(19, 'replicate_barangay', 'web', '2024-11-04 02:25:29', '2024-11-04 02:25:29'),
(20, 'reorder_barangay', 'web', '2024-11-04 02:25:29', '2024-11-04 02:25:29'),
(21, 'delete_barangay', 'web', '2024-11-04 02:25:29', '2024-11-04 02:25:29'),
(22, 'delete_any_barangay', 'web', '2024-11-04 02:25:29', '2024-11-04 02:25:29'),
(23, 'force_delete_barangay', 'web', '2024-11-04 02:25:29', '2024-11-04 02:25:29'),
(24, 'force_delete_any_barangay', 'web', '2024-11-04 02:25:29', '2024-11-04 02:25:29'),
(25, 'view_city', 'web', '2024-11-04 02:25:29', '2024-11-04 02:25:29'),
(26, 'view_any_city', 'web', '2024-11-04 02:25:29', '2024-11-04 02:25:29'),
(27, 'create_city', 'web', '2024-11-04 02:25:29', '2024-11-04 02:25:29'),
(28, 'update_city', 'web', '2024-11-04 02:25:29', '2024-11-04 02:25:29'),
(29, 'restore_city', 'web', '2024-11-04 02:25:29', '2024-11-04 02:25:29'),
(30, 'restore_any_city', 'web', '2024-11-04 02:25:29', '2024-11-04 02:25:29'),
(31, 'replicate_city', 'web', '2024-11-04 02:25:29', '2024-11-04 02:25:29'),
(32, 'reorder_city', 'web', '2024-11-04 02:25:29', '2024-11-04 02:25:29'),
(33, 'delete_city', 'web', '2024-11-04 02:25:29', '2024-11-04 02:25:29'),
(34, 'delete_any_city', 'web', '2024-11-04 02:25:29', '2024-11-04 02:25:29'),
(35, 'force_delete_city', 'web', '2024-11-04 02:25:29', '2024-11-04 02:25:29'),
(36, 'force_delete_any_city', 'web', '2024-11-04 02:25:29', '2024-11-04 02:25:29'),
(37, 'view_donation', 'web', '2024-11-04 02:25:29', '2024-11-04 02:25:29'),
(38, 'view_any_donation', 'web', '2024-11-04 02:25:29', '2024-11-04 02:25:29'),
(39, 'create_donation', 'web', '2024-11-04 02:25:29', '2024-11-04 02:25:29'),
(40, 'update_donation', 'web', '2024-11-04 02:25:29', '2024-11-04 02:25:29'),
(41, 'restore_donation', 'web', '2024-11-04 02:25:29', '2024-11-04 02:25:29'),
(42, 'restore_any_donation', 'web', '2024-11-04 02:25:29', '2024-11-04 02:25:29'),
(43, 'replicate_donation', 'web', '2024-11-04 02:25:29', '2024-11-04 02:25:29'),
(44, 'reorder_donation', 'web', '2024-11-04 02:25:29', '2024-11-04 02:25:29'),
(45, 'delete_donation', 'web', '2024-11-04 02:25:29', '2024-11-04 02:25:29'),
(46, 'delete_any_donation', 'web', '2024-11-04 02:25:29', '2024-11-04 02:25:29'),
(47, 'force_delete_donation', 'web', '2024-11-04 02:25:29', '2024-11-04 02:25:29'),
(48, 'force_delete_any_donation', 'web', '2024-11-04 02:25:29', '2024-11-04 02:25:29'),
(49, 'view_evac::center', 'web', '2024-11-04 02:25:29', '2024-11-04 02:25:29'),
(50, 'view_any_evac::center', 'web', '2024-11-04 02:25:29', '2024-11-04 02:25:29'),
(51, 'create_evac::center', 'web', '2024-11-04 02:25:29', '2024-11-04 02:25:29'),
(52, 'update_evac::center', 'web', '2024-11-04 02:25:29', '2024-11-04 02:25:29'),
(53, 'restore_evac::center', 'web', '2024-11-04 02:25:29', '2024-11-04 02:25:29'),
(54, 'restore_any_evac::center', 'web', '2024-11-04 02:25:29', '2024-11-04 02:25:29'),
(55, 'replicate_evac::center', 'web', '2024-11-04 02:25:29', '2024-11-04 02:25:29'),
(56, 'reorder_evac::center', 'web', '2024-11-04 02:25:29', '2024-11-04 02:25:29'),
(57, 'delete_evac::center', 'web', '2024-11-04 02:25:29', '2024-11-04 02:25:29'),
(58, 'delete_any_evac::center', 'web', '2024-11-04 02:25:29', '2024-11-04 02:25:29'),
(59, 'force_delete_evac::center', 'web', '2024-11-04 02:25:29', '2024-11-04 02:25:29'),
(60, 'force_delete_any_evac::center', 'web', '2024-11-04 02:25:29', '2024-11-04 02:25:29'),
(61, 'view_evacuee', 'web', '2024-11-04 02:25:29', '2024-11-04 02:25:29'),
(62, 'view_any_evacuee', 'web', '2024-11-04 02:25:29', '2024-11-04 02:25:29'),
(63, 'create_evacuee', 'web', '2024-11-04 02:25:29', '2024-11-04 02:25:29'),
(64, 'update_evacuee', 'web', '2024-11-04 02:25:29', '2024-11-04 02:25:29'),
(65, 'restore_evacuee', 'web', '2024-11-04 02:25:29', '2024-11-04 02:25:29'),
(66, 'restore_any_evacuee', 'web', '2024-11-04 02:25:29', '2024-11-04 02:25:29'),
(67, 'replicate_evacuee', 'web', '2024-11-04 02:25:29', '2024-11-04 02:25:29'),
(68, 'reorder_evacuee', 'web', '2024-11-04 02:25:29', '2024-11-04 02:25:29'),
(69, 'delete_evacuee', 'web', '2024-11-04 02:25:29', '2024-11-04 02:25:29'),
(70, 'delete_any_evacuee', 'web', '2024-11-04 02:25:29', '2024-11-04 02:25:29'),
(71, 'force_delete_evacuee', 'web', '2024-11-04 02:25:29', '2024-11-04 02:25:29'),
(72, 'force_delete_any_evacuee', 'web', '2024-11-04 02:25:29', '2024-11-04 02:25:29'),
(73, 'view_evacuee::family::member', 'web', '2024-11-04 02:25:29', '2024-11-04 02:25:29'),
(74, 'view_any_evacuee::family::member', 'web', '2024-11-04 02:25:29', '2024-11-04 02:25:29'),
(75, 'create_evacuee::family::member', 'web', '2024-11-04 02:25:29', '2024-11-04 02:25:29'),
(76, 'update_evacuee::family::member', 'web', '2024-11-04 02:25:29', '2024-11-04 02:25:29'),
(77, 'restore_evacuee::family::member', 'web', '2024-11-04 02:25:29', '2024-11-04 02:25:29'),
(78, 'restore_any_evacuee::family::member', 'web', '2024-11-04 02:25:29', '2024-11-04 02:25:29'),
(79, 'replicate_evacuee::family::member', 'web', '2024-11-04 02:25:29', '2024-11-04 02:25:29'),
(80, 'reorder_evacuee::family::member', 'web', '2024-11-04 02:25:29', '2024-11-04 02:25:29'),
(81, 'delete_evacuee::family::member', 'web', '2024-11-04 02:25:29', '2024-11-04 02:25:29'),
(82, 'delete_any_evacuee::family::member', 'web', '2024-11-04 02:25:29', '2024-11-04 02:25:29'),
(83, 'force_delete_evacuee::family::member', 'web', '2024-11-04 02:25:29', '2024-11-04 02:25:29'),
(84, 'force_delete_any_evacuee::family::member', 'web', '2024-11-04 02:25:29', '2024-11-04 02:25:29'),
(85, 'view_need', 'web', '2024-11-04 02:25:29', '2024-11-04 02:25:29'),
(86, 'view_any_need', 'web', '2024-11-04 02:25:29', '2024-11-04 02:25:29'),
(87, 'create_need', 'web', '2024-11-04 02:25:29', '2024-11-04 02:25:29'),
(88, 'update_need', 'web', '2024-11-04 02:25:29', '2024-11-04 02:25:29'),
(89, 'restore_need', 'web', '2024-11-04 02:25:29', '2024-11-04 02:25:29'),
(90, 'restore_any_need', 'web', '2024-11-04 02:25:29', '2024-11-04 02:25:29'),
(91, 'replicate_need', 'web', '2024-11-04 02:25:29', '2024-11-04 02:25:29'),
(92, 'reorder_need', 'web', '2024-11-04 02:25:29', '2024-11-04 02:25:29'),
(93, 'delete_need', 'web', '2024-11-04 02:25:29', '2024-11-04 02:25:29'),
(94, 'delete_any_need', 'web', '2024-11-04 02:25:29', '2024-11-04 02:25:29'),
(95, 'force_delete_need', 'web', '2024-11-04 02:25:29', '2024-11-04 02:25:29'),
(96, 'force_delete_any_need', 'web', '2024-11-04 02:25:29', '2024-11-04 02:25:29'),
(97, 'view_role', 'web', '2024-11-04 02:25:29', '2024-11-04 02:25:29'),
(98, 'view_any_role', 'web', '2024-11-04 02:25:29', '2024-11-04 02:25:29'),
(99, 'create_role', 'web', '2024-11-04 02:25:29', '2024-11-04 02:25:29'),
(100, 'update_role', 'web', '2024-11-04 02:25:29', '2024-11-04 02:25:29'),
(101, 'delete_role', 'web', '2024-11-04 02:25:29', '2024-11-04 02:25:29'),
(102, 'delete_any_role', 'web', '2024-11-04 02:25:29', '2024-11-04 02:25:29');

-- --------------------------------------------------------

--
-- Table structure for table `roles`
--

CREATE TABLE `roles` (
  `id` bigint(20) UNSIGNED NOT NULL,
  `name` varchar(255) NOT NULL,
  `guard_name` varchar(255) NOT NULL,
  `created_at` timestamp NULL DEFAULT NULL,
  `updated_at` timestamp NULL DEFAULT NULL
) ENGINE=InnoDB DEFAULT CHARSET=utf8mb4 COLLATE=utf8mb4_unicode_ci;

--
-- Dumping data for table `roles`
--

INSERT INTO `roles` (`id`, `name`, `guard_name`, `created_at`, `updated_at`) VALUES
(1, 'super_admin', 'web', '2024-11-04 02:25:29', '2024-11-04 02:25:29');

-- --------------------------------------------------------

--
-- Table structure for table `role_has_permissions`
--

CREATE TABLE `role_has_permissions` (
  `permission_id` bigint(20) UNSIGNED NOT NULL,
  `role_id` bigint(20) UNSIGNED NOT NULL
) ENGINE=InnoDB DEFAULT CHARSET=utf8mb4 COLLATE=utf8mb4_unicode_ci;

--
-- Dumping data for table `role_has_permissions`
--

INSERT INTO `role_has_permissions` (`permission_id`, `role_id`) VALUES
(1, 1),
(2, 1),
(3, 1),
(4, 1),
(5, 1),
(6, 1),
(7, 1),
(8, 1),
(9, 1),
(10, 1),
(11, 1),
(12, 1),
(13, 1),
(14, 1),
(15, 1),
(16, 1),
(17, 1),
(18, 1),
(19, 1),
(20, 1),
(21, 1),
(22, 1),
(23, 1),
(24, 1),
(25, 1),
(26, 1),
(27, 1),
(28, 1),
(29, 1),
(30, 1),
(31, 1),
(32, 1),
(33, 1),
(34, 1),
(35, 1),
(36, 1),
(37, 1),
(38, 1),
(39, 1),
(40, 1),
(41, 1),
(42, 1),
(43, 1),
(44, 1),
(45, 1),
(46, 1),
(47, 1),
(48, 1),
(49, 1),
(50, 1),
(51, 1),
(52, 1),
(53, 1),
(54, 1),
(55, 1),
(56, 1),
(57, 1),
(58, 1),
(59, 1),
(60, 1),
(61, 1),
(62, 1),
(63, 1),
(64, 1),
(65, 1),
(66, 1),
(67, 1),
(68, 1),
(69, 1),
(70, 1),
(71, 1),
(72, 1),
(73, 1),
(74, 1),
(75, 1),
(76, 1),
(77, 1),
(78, 1),
(79, 1),
(80, 1),
(81, 1),
(82, 1),
(83, 1),
(84, 1),
(85, 1),
(86, 1),
(87, 1),
(88, 1),
(89, 1),
(90, 1),
(91, 1),
(92, 1),
(93, 1),
(94, 1),
(95, 1),
(96, 1),
(97, 1),
(98, 1),
(99, 1),
(100, 1),
(101, 1),
(102, 1);

-- --------------------------------------------------------

--
-- Table structure for table `sessions`
--

CREATE TABLE `sessions` (
  `id` varchar(255) NOT NULL,
  `user_id` bigint(20) UNSIGNED DEFAULT NULL,
  `ip_address` varchar(45) DEFAULT NULL,
  `user_agent` text DEFAULT NULL,
  `payload` longtext NOT NULL,
  `last_activity` int(11) NOT NULL
) ENGINE=InnoDB DEFAULT CHARSET=utf8mb4 COLLATE=utf8mb4_unicode_ci;

--
-- Dumping data for table `sessions`
--

INSERT INTO `sessions` (`id`, `user_id`, `ip_address`, `user_agent`, `payload`, `last_activity`) VALUES
('4hwIcc4tAscmnT9bQYSfULvgPubqSrmbEaaOvwaU', 1, '127.0.0.1', 'Mozilla/5.0 (Windows NT 10.0; Win64; x64) AppleWebKit/537.36 (KHTML, like Gecko) Chrome/130.0.0.0 Safari/537.36', 'YTo3OntzOjY6Il90b2tlbiI7czo0MDoiQlA5R0FjT2ZMMVlCTjdUQzZpT0E3enBKQVdZY0U1ZnFhUEtRNGloUyI7czozOiJ1cmwiO2E6MDp7fXM6OToiX3ByZXZpb3VzIjthOjE6e3M6MzoidXJsIjtzOjQzOiJodHRwOi8vMTI3LjAuMC4xOjgwMDAvYWRtaW4vZXZhY3VlZXM/cGFnZT0yIjt9czo2OiJfZmxhc2giO2E6Mjp7czozOiJvbGQiO2E6MDp7fXM6MzoibmV3IjthOjA6e319czo1MDoibG9naW5fd2ViXzU5YmEzNmFkZGMyYjJmOTQwMTU4MGYwMTRjN2Y1OGVhNGUzMDk4OWQiO2k6MTtzOjE3OiJwYXNzd29yZF9oYXNoX3dlYiI7czo2MDoiJDJ5JDEyJEc2SnMweWhFYmVFcUg2Y3MxaDRyOHVPSS5MVjRMRnJoLi9Hb0NXYUJQRUdpQTZUME5NclM2IjtzOjg6ImZpbGFtZW50IjthOjA6e319', 1730722866);

-- --------------------------------------------------------

--
-- Table structure for table `users`
--

CREATE TABLE `users` (
  `id` bigint(20) UNSIGNED NOT NULL,
  `name` varchar(255) NOT NULL,
  `email` varchar(255) NOT NULL,
  `email_verified_at` timestamp NULL DEFAULT NULL,
  `password` varchar(255) NOT NULL,
  `remember_token` varchar(100) DEFAULT NULL,
  `created_at` timestamp NULL DEFAULT NULL,
  `updated_at` timestamp NULL DEFAULT NULL
) ENGINE=InnoDB DEFAULT CHARSET=utf8mb4 COLLATE=utf8mb4_unicode_ci;

--
-- Dumping data for table `users`
--

INSERT INTO `users` (`id`, `name`, `email`, `email_verified_at`, `password`, `remember_token`, `created_at`, `updated_at`) VALUES
(1, 'Admin', 'admin@gmail.com', NULL, '$2y$12$G6Js0yhEbeEqH6cs1h4r8uOI.LV4LFrh./GoCWaBPEGiA6T0NMrS6', NULL, '2024-11-04 02:05:44', '2024-11-04 02:05:44');

--
-- Indexes for dumped tables
--

--
-- Indexes for table `amenities`
--
ALTER TABLE `amenities`
  ADD PRIMARY KEY (`id`);

--
-- Indexes for table `barangays`
--
ALTER TABLE `barangays`
  ADD PRIMARY KEY (`id`),
  ADD KEY `barangays_city_id_foreign` (`city_id`);

--
-- Indexes for table `cache`
--
ALTER TABLE `cache`
  ADD PRIMARY KEY (`key`);

--
-- Indexes for table `cache_locks`
--
ALTER TABLE `cache_locks`
  ADD PRIMARY KEY (`key`);

--
-- Indexes for table `cities`
--
ALTER TABLE `cities`
  ADD PRIMARY KEY (`id`);

--
-- Indexes for table `donations`
--
ALTER TABLE `donations`
  ADD PRIMARY KEY (`id`),
  ADD KEY `donations_evac_center_id_foreign` (`evac_center_id`);

--
-- Indexes for table `evacuees`
--
ALTER TABLE `evacuees`
  ADD PRIMARY KEY (`id`),
  ADD KEY `evacuees_family_id_foreign` (`family_id`);

--
-- Indexes for table `evac_amenities`
--
ALTER TABLE `evac_amenities`
  ADD PRIMARY KEY (`id`),
  ADD KEY `evac_amenities_evac_center_id_foreign` (`evac_center_id`),
  ADD KEY `evac_amenities_amenity_id_foreign` (`amenity_id`);

--
-- Indexes for table `evac_centers`
--
ALTER TABLE `evac_centers`
  ADD PRIMARY KEY (`id`),
  ADD KEY `evac_centers_barangay_id_foreign` (`barangay_id`);

--
-- Indexes for table `evac_center_user`
--
ALTER TABLE `evac_center_user`
  ADD PRIMARY KEY (`id`),
  ADD KEY `evac_center_user_user_id_foreign` (`user_id`),
  ADD KEY `evac_center_user_evac_center_id_foreign` (`evac_center_id`);

--
-- Indexes for table `failed_jobs`
--
ALTER TABLE `failed_jobs`
  ADD PRIMARY KEY (`id`),
  ADD UNIQUE KEY `failed_jobs_uuid_unique` (`uuid`);

--
-- Indexes for table `families`
--
ALTER TABLE `families`
  ADD PRIMARY KEY (`id`),
  ADD KEY `families_evac_center_id_foreign` (`evac_center_id`);

--
-- Indexes for table `jobs`
--
ALTER TABLE `jobs`
  ADD PRIMARY KEY (`id`),
  ADD KEY `jobs_queue_index` (`queue`);

--
-- Indexes for table `job_batches`
--
ALTER TABLE `job_batches`
  ADD PRIMARY KEY (`id`);

--
-- Indexes for table `migrations`
--
ALTER TABLE `migrations`
  ADD PRIMARY KEY (`id`);

--
-- Indexes for table `model_has_permissions`
--
ALTER TABLE `model_has_permissions`
  ADD PRIMARY KEY (`permission_id`,`model_id`,`model_type`),
  ADD KEY `model_has_permissions_model_id_model_type_index` (`model_id`,`model_type`);

--
-- Indexes for table `model_has_roles`
--
ALTER TABLE `model_has_roles`
  ADD PRIMARY KEY (`role_id`,`model_id`,`model_type`),
  ADD KEY `model_has_roles_model_id_model_type_index` (`model_id`,`model_type`);

--
-- Indexes for table `needs`
--
ALTER TABLE `needs`
  ADD PRIMARY KEY (`id`),
  ADD KEY `needs_evac_center_id_foreign` (`evac_center_id`);

--
-- Indexes for table `password_reset_tokens`
--
ALTER TABLE `password_reset_tokens`
  ADD PRIMARY KEY (`email`);

--
-- Indexes for table `permissions`
--
ALTER TABLE `permissions`
  ADD PRIMARY KEY (`id`),
  ADD UNIQUE KEY `permissions_name_guard_name_unique` (`name`,`guard_name`);

--
-- Indexes for table `roles`
--
ALTER TABLE `roles`
  ADD PRIMARY KEY (`id`),
  ADD UNIQUE KEY `roles_name_guard_name_unique` (`name`,`guard_name`);

--
-- Indexes for table `role_has_permissions`
--
ALTER TABLE `role_has_permissions`
  ADD PRIMARY KEY (`permission_id`,`role_id`),
  ADD KEY `role_has_permissions_role_id_foreign` (`role_id`);

--
-- Indexes for table `sessions`
--
ALTER TABLE `sessions`
  ADD PRIMARY KEY (`id`),
  ADD KEY `sessions_user_id_index` (`user_id`),
  ADD KEY `sessions_last_activity_index` (`last_activity`);

--
-- Indexes for table `users`
--
ALTER TABLE `users`
  ADD PRIMARY KEY (`id`),
  ADD UNIQUE KEY `users_email_unique` (`email`);

--
-- AUTO_INCREMENT for dumped tables
--

--
-- AUTO_INCREMENT for table `amenities`
--
ALTER TABLE `amenities`
  MODIFY `id` bigint(20) UNSIGNED NOT NULL AUTO_INCREMENT, AUTO_INCREMENT=6;

--
-- AUTO_INCREMENT for table `barangays`
--
ALTER TABLE `barangays`
  MODIFY `id` bigint(20) UNSIGNED NOT NULL AUTO_INCREMENT, AUTO_INCREMENT=1079;

--
-- AUTO_INCREMENT for table `cities`
--
ALTER TABLE `cities`
  MODIFY `id` bigint(20) UNSIGNED NOT NULL AUTO_INCREMENT, AUTO_INCREMENT=35;

--
-- AUTO_INCREMENT for table `donations`
--
ALTER TABLE `donations`
  MODIFY `id` bigint(20) UNSIGNED NOT NULL AUTO_INCREMENT;

--
-- AUTO_INCREMENT for table `evacuees`
--
ALTER TABLE `evacuees`
  MODIFY `id` bigint(20) UNSIGNED NOT NULL AUTO_INCREMENT, AUTO_INCREMENT=17;

--
-- AUTO_INCREMENT for table `evac_amenities`
--
ALTER TABLE `evac_amenities`
  MODIFY `id` bigint(20) UNSIGNED NOT NULL AUTO_INCREMENT, AUTO_INCREMENT=11;

--
-- AUTO_INCREMENT for table `evac_centers`
--
ALTER TABLE `evac_centers`
  MODIFY `id` bigint(20) UNSIGNED NOT NULL AUTO_INCREMENT, AUTO_INCREMENT=11;

--
-- AUTO_INCREMENT for table `evac_center_user`
--
ALTER TABLE `evac_center_user`
  MODIFY `id` bigint(20) UNSIGNED NOT NULL AUTO_INCREMENT;

--
-- AUTO_INCREMENT for table `failed_jobs`
--
ALTER TABLE `failed_jobs`
  MODIFY `id` bigint(20) UNSIGNED NOT NULL AUTO_INCREMENT;

--
-- AUTO_INCREMENT for table `families`
--
ALTER TABLE `families`
  MODIFY `id` bigint(20) UNSIGNED NOT NULL AUTO_INCREMENT, AUTO_INCREMENT=16;

--
-- AUTO_INCREMENT for table `jobs`
--
ALTER TABLE `jobs`
  MODIFY `id` bigint(20) UNSIGNED NOT NULL AUTO_INCREMENT;

--
-- AUTO_INCREMENT for table `migrations`
--
ALTER TABLE `migrations`
  MODIFY `id` int(10) UNSIGNED NOT NULL AUTO_INCREMENT, AUTO_INCREMENT=74;

--
-- AUTO_INCREMENT for table `needs`
--
ALTER TABLE `needs`
  MODIFY `id` bigint(20) UNSIGNED NOT NULL AUTO_INCREMENT;

--
-- AUTO_INCREMENT for table `permissions`
--
ALTER TABLE `permissions`
  MODIFY `id` bigint(20) UNSIGNED NOT NULL AUTO_INCREMENT, AUTO_INCREMENT=103;

--
-- AUTO_INCREMENT for table `roles`
--
ALTER TABLE `roles`
  MODIFY `id` bigint(20) UNSIGNED NOT NULL AUTO_INCREMENT, AUTO_INCREMENT=2;

--
-- AUTO_INCREMENT for table `users`
--
ALTER TABLE `users`
  MODIFY `id` bigint(20) UNSIGNED NOT NULL AUTO_INCREMENT, AUTO_INCREMENT=2;

--
-- Constraints for dumped tables
--

--
-- Constraints for table `barangays`
--
ALTER TABLE `barangays`
  ADD CONSTRAINT `barangays_city_id_foreign` FOREIGN KEY (`city_id`) REFERENCES `cities` (`id`) ON DELETE CASCADE;

--
-- Constraints for table `donations`
--
ALTER TABLE `donations`
  ADD CONSTRAINT `donations_evac_center_id_foreign` FOREIGN KEY (`evac_center_id`) REFERENCES `evac_centers` (`id`) ON DELETE CASCADE;

--
-- Constraints for table `evacuees`
--
ALTER TABLE `evacuees`
  ADD CONSTRAINT `evacuees_family_id_foreign` FOREIGN KEY (`family_id`) REFERENCES `families` (`id`) ON DELETE CASCADE;

--
-- Constraints for table `evac_amenities`
--
ALTER TABLE `evac_amenities`
  ADD CONSTRAINT `evac_amenities_amenity_id_foreign` FOREIGN KEY (`amenity_id`) REFERENCES `amenities` (`id`) ON DELETE CASCADE,
  ADD CONSTRAINT `evac_amenities_evac_center_id_foreign` FOREIGN KEY (`evac_center_id`) REFERENCES `evac_centers` (`id`) ON DELETE CASCADE;

--
-- Constraints for table `evac_centers`
--
ALTER TABLE `evac_centers`
  ADD CONSTRAINT `evac_centers_barangay_id_foreign` FOREIGN KEY (`barangay_id`) REFERENCES `barangays` (`id`) ON DELETE CASCADE;

--
-- Constraints for table `evac_center_user`
--
ALTER TABLE `evac_center_user`
  ADD CONSTRAINT `evac_center_user_evac_center_id_foreign` FOREIGN KEY (`evac_center_id`) REFERENCES `evac_centers` (`id`) ON DELETE CASCADE,
  ADD CONSTRAINT `evac_center_user_user_id_foreign` FOREIGN KEY (`user_id`) REFERENCES `users` (`id`) ON DELETE CASCADE;

--
-- Constraints for table `families`
--
ALTER TABLE `families`
  ADD CONSTRAINT `families_evac_center_id_foreign` FOREIGN KEY (`evac_center_id`) REFERENCES `evac_centers` (`id`) ON DELETE CASCADE;

--
-- Constraints for table `model_has_permissions`
--
ALTER TABLE `model_has_permissions`
  ADD CONSTRAINT `model_has_permissions_permission_id_foreign` FOREIGN KEY (`permission_id`) REFERENCES `permissions` (`id`) ON DELETE CASCADE;

--
-- Constraints for table `model_has_roles`
--
ALTER TABLE `model_has_roles`
  ADD CONSTRAINT `model_has_roles_role_id_foreign` FOREIGN KEY (`role_id`) REFERENCES `roles` (`id`) ON DELETE CASCADE;

--
-- Constraints for table `needs`
--
ALTER TABLE `needs`
  ADD CONSTRAINT `needs_evac_center_id_foreign` FOREIGN KEY (`evac_center_id`) REFERENCES `evac_centers` (`id`) ON DELETE CASCADE;

--
-- Constraints for table `role_has_permissions`
--
ALTER TABLE `role_has_permissions`
  ADD CONSTRAINT `role_has_permissions_permission_id_foreign` FOREIGN KEY (`permission_id`) REFERENCES `permissions` (`id`) ON DELETE CASCADE,
  ADD CONSTRAINT `role_has_permissions_role_id_foreign` FOREIGN KEY (`role_id`) REFERENCES `roles` (`id`) ON DELETE CASCADE;
COMMIT;

/*!40101 SET CHARACTER_SET_CLIENT=@OLD_CHARACTER_SET_CLIENT */;
/*!40101 SET CHARACTER_SET_RESULTS=@OLD_CHARACTER_SET_RESULTS */;
/*!40101 SET COLLATION_CONNECTION=@OLD_COLLATION_CONNECTION */;
